[ [ [ 1, 2, 3, 4, 5, 6, 7, 8, 9, 10, 11, 12, 13, 14, 15, 16, 17, 18, 19, 20, 
          21, 22, 23, 24, 25, 26, 27, 28, 29, 30, 31, 32 ], 
      [ 1, 2, 3, 4, 5, 6, 7, 8, 9, 10, 11, 12, 13, 14, 15, 16, 17, 18, 19, 
          20, 21, 22, 23, 24, 25, 26, 27, 28, 29, 30, 31, 32 ], 
      [ 2, 4, 1, 6, 3, 8, 5, 10, 7, 12, 9, 14, 11, 16, 13, 18, 15, 20, 17, 
          22, 19, 24, 21, 26, 23, 28, 25, 30, 27, 32, 29, 31 ], 
      [ 3, 1, 5, 2, 7, 4, 9, 6, 11, 8, 13, 10, 15, 12, 17, 14, 19, 16, 21, 
          18, 23, 20, 25, 22, 27, 24, 29, 26, 31, 28, 32, 30 ] ], 
  [ [ 2, 1, 5, 6, 3, 4, 9, 10, 7, 8, 13, 14, 11, 12, 17, 18, 15, 16, 21, 22, 
          19, 20, 25, 26, 23, 24, 29, 30, 27, 28, 32, 31 ], 
      [ 2, 1, 5, 6, 3, 4, 9, 10, 7, 8, 13, 14, 11, 12, 17, 18, 15, 16, 21, 
          22, 19, 20, 25, 26, 23, 24, 29, 30, 27, 28, 32, 31 ], 
      [ 3, 5, 7, 1, 9, 2, 11, 4, 13, 6, 15, 8, 17, 10, 19, 12, 21, 14, 23, 
          16, 25, 18, 27, 20, 29, 22, 31, 24, 32, 26, 28, 30 ], 
      [ 4, 6, 1, 8, 2, 10, 3, 12, 5, 14, 7, 16, 9, 18, 11, 20, 13, 22, 15, 
          24, 17, 26, 19, 28, 21, 30, 23, 31, 25, 32, 27, 29 ] ], 
  [ [ 2, 1, 5, 6, 3, 4, 9, 10, 7, 8, 13, 14, 11, 12, 17, 18, 15, 16, 21, 22, 
          19, 20, 25, 26, 23, 24, 29, 30, 27, 28, 32, 31 ], 
      [ 2, 1, 5, 6, 3, 4, 9, 10, 7, 8, 13, 14, 11, 12, 17, 18, 15, 16, 21, 
          22, 19, 20, 25, 26, 23, 24, 29, 30, 27, 28, 32, 31 ], 
      [ 3, 5, 7, 1, 9, 2, 11, 4, 13, 6, 15, 8, 17, 10, 19, 12, 21, 14, 23, 
          16, 25, 18, 27, 20, 29, 22, 31, 24, 32, 26, 30, 28 ], 
      [ 4, 6, 1, 8, 2, 10, 3, 12, 5, 14, 7, 16, 9, 18, 11, 20, 13, 22, 15, 
          24, 17, 26, 19, 28, 21, 30, 23, 32, 25, 31, 27, 29 ] ], 
  [ [ 2, 1, 7, 9, 11, 13, 3, 12, 4, 14, 5, 8, 6, 10, 20, 21, 25, 23, 27, 15, 
          16, 28, 18, 30, 17, 29, 19, 22, 26, 24, 32, 31 ], 
      [ 2, 1, 7, 9, 11, 13, 3, 12, 4, 14, 5, 8, 6, 10, 20, 21, 25, 23, 27, 
          15, 16, 28, 18, 30, 17, 29, 19, 22, 26, 24, 32, 31 ], 
      [ 3, 5, 8, 1, 12, 2, 15, 17, 16, 4, 20, 22, 21, 6, 25, 7, 26, 9, 10, 
          28, 11, 29, 13, 14, 31, 19, 18, 32, 24, 23, 27, 30 ], 
      [ 4, 6, 1, 10, 2, 14, 16, 3, 18, 19, 21, 5, 23, 24, 7, 9, 8, 27, 26, 
          11, 13, 12, 30, 29, 15, 17, 31, 20, 22, 32, 25, 28 ] ], 
  [ [ 2, 1, 7, 9, 11, 13, 3, 12, 4, 14, 5, 8, 6, 10, 20, 21, 25, 23, 27, 15, 
          16, 29, 18, 31, 17, 30, 19, 32, 22, 26, 24, 28 ], 
      [ 2, 1, 7, 9, 11, 13, 3, 12, 4, 14, 5, 8, 6, 10, 20, 21, 25, 23, 27, 
          15, 16, 29, 18, 31, 17, 30, 19, 32, 22, 26, 24, 28 ], 
      [ 3, 5, 8, 1, 12, 2, 15, 17, 16, 4, 20, 22, 21, 6, 25, 7, 26, 9, 10, 
          29, 11, 30, 13, 14, 32, 31, 18, 19, 28, 27, 23, 24 ], 
      [ 4, 6, 1, 10, 2, 14, 16, 3, 18, 19, 21, 5, 23, 24, 7, 9, 8, 27, 28, 
          11, 13, 12, 31, 32, 15, 17, 30, 29, 20, 22, 26, 25 ] ], 
  [ [ 2, 6, 1, 7, 8, 3, 13, 14, 4, 5, 15, 16, 9, 10, 21, 22, 11, 12, 23, 24, 
          17, 18, 28, 29, 19, 20, 30, 25, 26, 32, 27, 31 ], 
      [ 3, 1, 6, 9, 10, 2, 4, 5, 13, 14, 17, 18, 7, 8, 11, 12, 21, 22, 25, 
          26, 15, 16, 19, 20, 28, 29, 31, 23, 24, 27, 32, 30 ], 
      [ 4, 7, 9, 11, 1, 13, 15, 2, 17, 3, 19, 5, 21, 6, 23, 8, 25, 10, 27, 
          12, 28, 14, 30, 16, 31, 18, 20, 32, 22, 24, 26, 29 ], 
      [ 5, 8, 10, 1, 12, 14, 2, 16, 3, 18, 4, 20, 6, 22, 7, 24, 9, 26, 11, 
          27, 13, 29, 15, 30, 17, 31, 19, 21, 32, 23, 25, 28 ] ], 
  [ [ 2, 6, 1, 7, 8, 3, 13, 14, 4, 5, 15, 16, 9, 10, 21, 22, 11, 12, 23, 24, 
          17, 18, 29, 30, 19, 20, 31, 32, 25, 26, 28, 27 ], 
      [ 3, 1, 6, 9, 10, 2, 4, 5, 13, 14, 17, 18, 7, 8, 11, 12, 21, 22, 25, 
          26, 15, 16, 19, 20, 29, 30, 32, 31, 23, 24, 27, 28 ], 
      [ 4, 7, 9, 11, 1, 13, 15, 2, 17, 3, 19, 5, 21, 6, 23, 8, 25, 10, 27, 
          12, 29, 14, 31, 16, 32, 18, 30, 20, 28, 22, 26, 24 ], 
      [ 5, 8, 10, 1, 12, 14, 2, 16, 3, 18, 4, 20, 6, 22, 7, 24, 9, 26, 11, 
          28, 13, 30, 15, 32, 17, 31, 19, 29, 21, 27, 23, 25 ] ], 
  [ [ 2, 6, 1, 9, 10, 3, 4, 5, 13, 14, 15, 16, 7, 8, 21, 22, 11, 12, 25, 26, 
          17, 18, 19, 20, 28, 29, 30, 23, 24, 32, 27, 31 ], 
      [ 3, 1, 6, 7, 8, 2, 13, 14, 4, 5, 17, 18, 9, 10, 11, 12, 21, 22, 23, 
          24, 15, 16, 28, 29, 19, 20, 31, 25, 26, 27, 32, 30 ], 
      [ 4, 7, 9, 11, 1, 13, 15, 2, 17, 3, 19, 5, 21, 6, 23, 8, 25, 10, 27, 
          12, 28, 14, 30, 16, 31, 18, 20, 32, 22, 24, 26, 29 ], 
      [ 5, 8, 10, 1, 12, 14, 2, 16, 3, 18, 4, 20, 6, 22, 7, 24, 9, 26, 11, 
          27, 13, 29, 15, 30, 17, 31, 19, 21, 32, 23, 25, 28 ] ], 
  [ [ 2, 6, 1, 9, 10, 3, 4, 5, 13, 14, 15, 16, 7, 8, 21, 22, 11, 12, 25, 26, 
          17, 18, 19, 20, 29, 30, 31, 32, 23, 24, 28, 27 ], 
      [ 3, 1, 6, 7, 8, 2, 13, 14, 4, 5, 17, 18, 9, 10, 11, 12, 21, 22, 23, 
          24, 15, 16, 29, 30, 19, 20, 32, 31, 25, 26, 27, 28 ], 
      [ 4, 7, 9, 11, 1, 13, 15, 2, 17, 3, 19, 5, 21, 6, 23, 8, 25, 10, 27, 
          12, 29, 14, 31, 16, 32, 18, 30, 20, 28, 22, 26, 24 ], 
      [ 5, 8, 10, 1, 12, 14, 2, 16, 3, 18, 4, 20, 6, 22, 7, 24, 9, 26, 11, 
          28, 13, 30, 15, 32, 17, 31, 19, 29, 21, 27, 23, 25 ] ], 
  [ [ 2, 6, 1, 7, 8, 3, 13, 14, 4, 5, 15, 16, 9, 10, 21, 22, 11, 12, 23, 24, 
          17, 18, 29, 30, 19, 20, 31, 27, 25, 26, 32, 28 ], 
      [ 3, 1, 6, 9, 10, 2, 4, 5, 13, 14, 17, 18, 7, 8, 11, 12, 21, 22, 25, 
          26, 15, 16, 19, 20, 29, 30, 28, 32, 23, 24, 27, 31 ], 
      [ 4, 7, 9, 11, 1, 13, 15, 2, 17, 3, 19, 5, 21, 6, 23, 8, 25, 10, 27, 
          12, 29, 14, 31, 16, 28, 18, 24, 20, 32, 22, 30, 26 ], 
      [ 5, 8, 10, 1, 12, 14, 2, 16, 3, 18, 4, 20, 6, 22, 7, 24, 9, 26, 11, 
          28, 13, 30, 15, 27, 17, 32, 19, 25, 21, 31, 23, 29 ] ], 
  [ [ 2, 6, 1, 7, 8, 3, 13, 14, 4, 5, 15, 16, 9, 10, 21, 22, 11, 12, 23, 24, 
          17, 18, 29, 30, 19, 20, 28, 31, 25, 26, 32, 27 ], 
      [ 3, 1, 6, 9, 10, 2, 4, 5, 13, 14, 17, 18, 7, 8, 11, 12, 21, 22, 25, 
          26, 15, 16, 19, 20, 29, 30, 32, 27, 23, 24, 28, 31 ], 
      [ 4, 7, 9, 11, 1, 13, 15, 2, 17, 3, 19, 5, 21, 6, 23, 8, 25, 10, 27, 
          12, 29, 14, 28, 16, 32, 18, 26, 20, 31, 22, 24, 30 ], 
      [ 5, 8, 10, 1, 12, 14, 2, 16, 3, 18, 4, 20, 6, 22, 7, 24, 9, 26, 11, 
          28, 13, 30, 15, 31, 17, 27, 19, 23, 21, 32, 29, 25 ] ], 
  [ [ 2, 1, 7, 9, 10, 12, 3, 11, 4, 5, 8, 6, 17, 18, 19, 20, 13, 14, 15, 16, 
          25, 26, 27, 28, 21, 22, 23, 24, 31, 32, 29, 30 ], 
      [ 2, 1, 7, 9, 10, 12, 3, 11, 4, 5, 8, 6, 17, 18, 19, 20, 13, 14, 15, 
          16, 25, 26, 27, 28, 21, 22, 23, 24, 31, 32, 29, 30 ], 
      [ 3, 5, 8, 1, 11, 2, 13, 4, 14, 15, 6, 16, 9, 7, 12, 10, 21, 22, 23, 
          24, 18, 17, 20, 19, 29, 30, 31, 32, 26, 25, 28, 27 ], 
      [ 4, 6, 1, 8, 2, 11, 14, 3, 13, 16, 5, 15, 7, 9, 10, 12, 22, 21, 24, 
          23, 17, 18, 19, 20, 30, 29, 32, 31, 25, 26, 27, 28 ] ], 
  [ [ 2, 1, 7, 9, 10, 12, 3, 15, 4, 5, 20, 6, 22, 19, 8, 21, 18, 17, 14, 11, 
          16, 13, 28, 27, 30, 29, 24, 23, 26, 25, 32, 31 ], 
      [ 2, 1, 7, 9, 10, 12, 3, 15, 4, 5, 20, 6, 22, 19, 8, 21, 18, 17, 14, 
          11, 16, 13, 28, 27, 30, 29, 24, 23, 26, 25, 32, 31 ], 
      [ 3, 5, 8, 1, 11, 2, 13, 4, 16, 18, 6, 21, 23, 7, 24, 26, 9, 27, 10, 
          28, 30, 12, 14, 31, 15, 17, 19, 32, 20, 22, 25, 29 ], 
      [ 4, 6, 1, 8, 2, 11, 14, 3, 17, 19, 5, 22, 7, 23, 25, 9, 26, 10, 27, 
          29, 12, 30, 13, 15, 31, 16, 18, 20, 32, 21, 24, 28 ] ], 
  [ [ 2, 1, 7, 9, 10, 12, 3, 15, 4, 5, 20, 6, 18, 21, 8, 19, 22, 13, 16, 11, 
          14, 17, 28, 27, 30, 29, 24, 23, 26, 25, 32, 31 ], 
      [ 2, 1, 7, 9, 10, 12, 3, 15, 4, 5, 20, 6, 18, 21, 8, 19, 22, 13, 16, 
          11, 14, 17, 28, 27, 30, 29, 24, 23, 26, 25, 32, 31 ], 
      [ 3, 5, 8, 1, 11, 2, 13, 4, 16, 18, 6, 21, 23, 7, 24, 26, 9, 27, 10, 
          28, 30, 12, 14, 31, 15, 17, 19, 32, 20, 22, 25, 29 ], 
      [ 4, 6, 1, 8, 2, 11, 14, 3, 17, 19, 5, 22, 7, 23, 25, 9, 26, 10, 27, 
          29, 12, 30, 13, 15, 31, 16, 18, 20, 32, 21, 24, 28 ] ], 
  [ [ 2, 1, 7, 9, 11, 13, 3, 12, 4, 14, 5, 8, 6, 10, 23, 26, 25, 20, 28, 18, 
          30, 29, 15, 32, 17, 16, 31, 19, 22, 21, 27, 24 ], 
      [ 2, 1, 7, 9, 11, 13, 3, 12, 4, 14, 5, 8, 6, 10, 23, 26, 25, 20, 28, 
          18, 30, 29, 15, 32, 17, 16, 31, 19, 22, 21, 27, 24 ], 
      [ 3, 5, 8, 1, 12, 2, 15, 17, 16, 4, 20, 22, 21, 6, 25, 7, 27, 9, 10, 
          29, 11, 31, 13, 14, 30, 32, 19, 18, 26, 28, 24, 23 ], 
      [ 4, 6, 1, 10, 2, 14, 16, 3, 18, 19, 21, 5, 23, 24, 7, 9, 8, 28, 27, 
          11, 13, 12, 32, 31, 15, 29, 17, 30, 20, 25, 22, 26 ] ], 
  [ [ 2, 1, 7, 9, 11, 13, 3, 14, 4, 12, 5, 10, 6, 8, 25, 21, 26, 23, 28, 29, 
          16, 30, 18, 32, 15, 17, 31, 19, 20, 22, 27, 24 ], 
      [ 2, 1, 7, 9, 11, 13, 3, 14, 4, 12, 5, 10, 6, 8, 25, 21, 26, 23, 28, 
          29, 16, 30, 18, 32, 15, 17, 31, 19, 20, 22, 27, 24 ], 
      [ 3, 5, 8, 1, 12, 2, 15, 17, 18, 4, 20, 22, 23, 6, 9, 7, 27, 28, 10, 
          13, 11, 31, 32, 14, 30, 16, 19, 29, 26, 21, 24, 25 ], 
      [ 4, 6, 1, 10, 2, 14, 16, 3, 15, 19, 21, 5, 20, 24, 7, 26, 8, 9, 27, 
          11, 30, 12, 13, 31, 32, 29, 17, 18, 28, 25, 22, 23 ] ], 
  [ [ 2, 1, 7, 9, 11, 13, 3, 14, 4, 12, 5, 10, 6, 8, 20, 23, 25, 21, 27, 15, 
          18, 28, 16, 30, 17, 29, 19, 22, 26, 24, 32, 31 ], 
      [ 2, 1, 7, 9, 11, 13, 3, 14, 4, 12, 5, 10, 6, 8, 20, 23, 25, 21, 27, 
          15, 18, 28, 16, 30, 17, 29, 19, 22, 26, 24, 32, 31 ], 
      [ 3, 5, 8, 1, 12, 2, 15, 17, 18, 4, 20, 22, 23, 6, 9, 7, 26, 27, 10, 
          13, 11, 29, 30, 14, 16, 19, 31, 21, 24, 32, 25, 28 ], 
      [ 4, 6, 1, 10, 2, 14, 16, 3, 15, 19, 21, 5, 20, 24, 7, 25, 8, 9, 26, 
          11, 28, 12, 13, 29, 31, 17, 18, 32, 22, 23, 27, 30 ] ], 
  [ [ 2, 6, 1, 11, 14, 3, 18, 21, 19, 22, 16, 4, 20, 17, 5, 12, 15, 9, 7, 28, 
          10, 8, 13, 31, 32, 29, 30, 23, 24, 25, 26, 27 ], 
      [ 3, 1, 6, 12, 15, 2, 19, 22, 18, 21, 4, 16, 23, 5, 17, 11, 14, 7, 9, 
          13, 8, 10, 28, 29, 30, 31, 32, 20, 26, 27, 24, 25 ], 
      [ 4, 7, 9, 13, 1, 16, 20, 2, 23, 3, 24, 26, 5, 25, 27, 28, 6, 29, 31, 
          8, 30, 32, 10, 14, 11, 15, 12, 17, 21, 18, 22, 19 ], 
      [ 5, 8, 10, 1, 13, 17, 2, 20, 3, 23, 25, 27, 4, 24, 26, 6, 28, 30, 32, 
          7, 29, 31, 9, 11, 14, 12, 15, 16, 18, 21, 19, 22 ] ], 
  [ [ 2, 6, 1, 11, 14, 3, 18, 21, 19, 22, 16, 4, 20, 17, 5, 12, 15, 9, 7, 28, 
          10, 8, 13, 29, 30, 31, 32, 23, 26, 27, 24, 25 ], 
      [ 3, 1, 6, 12, 15, 2, 19, 22, 18, 21, 4, 16, 23, 5, 17, 11, 14, 7, 9, 
          13, 8, 10, 28, 31, 32, 29, 30, 20, 24, 25, 26, 27 ], 
      [ 4, 7, 9, 13, 1, 16, 20, 2, 23, 3, 24, 26, 5, 25, 27, 28, 6, 29, 31, 
          8, 30, 32, 10, 14, 11, 15, 12, 17, 21, 18, 22, 19 ], 
      [ 5, 8, 10, 1, 13, 17, 2, 20, 3, 23, 25, 27, 4, 24, 26, 6, 28, 30, 32, 
          7, 29, 31, 9, 11, 14, 12, 15, 16, 18, 21, 19, 22 ] ], 
  [ [ 2, 6, 1, 11, 14, 3, 18, 21, 19, 22, 16, 4, 23, 17, 5, 12, 15, 9, 7, 13, 
          10, 8, 28, 29, 32, 31, 30, 20, 26, 25, 24, 27 ], 
      [ 3, 1, 6, 12, 15, 2, 19, 22, 18, 21, 4, 16, 20, 5, 17, 11, 14, 7, 9, 
          28, 8, 10, 13, 31, 30, 29, 32, 23, 24, 27, 26, 25 ], 
      [ 4, 7, 9, 13, 1, 16, 20, 2, 23, 3, 24, 26, 5, 27, 25, 28, 6, 29, 31, 
          8, 32, 30, 10, 15, 11, 14, 12, 17, 22, 18, 21, 19 ], 
      [ 5, 8, 10, 1, 13, 17, 2, 20, 3, 23, 25, 27, 4, 26, 24, 6, 28, 30, 32, 
          7, 31, 29, 9, 11, 15, 12, 14, 16, 18, 22, 19, 21 ] ], 
  [ [ 2, 6, 1, 11, 14, 3, 18, 21, 19, 22, 16, 4, 23, 17, 5, 12, 15, 9, 7, 13, 
          10, 8, 28, 31, 30, 29, 32, 20, 24, 27, 26, 25 ], 
      [ 3, 1, 6, 12, 15, 2, 19, 22, 18, 21, 4, 16, 20, 5, 17, 11, 14, 7, 9, 
          28, 8, 10, 13, 29, 32, 31, 30, 23, 26, 25, 24, 27 ], 
      [ 4, 7, 9, 13, 1, 16, 20, 2, 23, 3, 24, 26, 5, 27, 25, 28, 6, 29, 31, 
          8, 32, 30, 10, 15, 11, 14, 12, 17, 22, 18, 21, 19 ], 
      [ 5, 8, 10, 1, 13, 17, 2, 20, 3, 23, 25, 27, 4, 26, 24, 6, 28, 30, 32, 
          7, 31, 29, 9, 11, 15, 12, 14, 16, 18, 22, 19, 21 ] ], 
  [ [ 2, 6, 1, 11, 14, 3, 19, 22, 20, 23, 17, 4, 21, 18, 5, 24, 12, 15, 9, 7, 
          16, 10, 8, 13, 31, 32, 29, 30, 25, 26, 27, 28 ], 
      [ 3, 1, 6, 12, 15, 2, 20, 23, 19, 22, 4, 17, 24, 5, 18, 21, 11, 14, 7, 
          9, 13, 8, 10, 16, 29, 30, 31, 32, 27, 28, 25, 26 ], 
      [ 4, 7, 9, 13, 1, 17, 21, 2, 24, 3, 25, 27, 18, 26, 28, 5, 16, 6, 29, 
          31, 10, 30, 32, 8, 15, 11, 14, 12, 23, 19, 22, 20 ], 
      [ 5, 8, 10, 1, 16, 18, 2, 24, 3, 21, 26, 28, 4, 27, 25, 17, 6, 13, 30, 
          32, 7, 31, 29, 9, 11, 14, 12, 15, 19, 22, 20, 23 ] ], 
  [ [ 2, 6, 1, 11, 14, 3, 19, 22, 20, 23, 17, 4, 21, 18, 5, 24, 12, 15, 9, 7, 
          16, 10, 8, 13, 29, 30, 31, 32, 27, 28, 25, 26 ], 
      [ 3, 1, 6, 12, 15, 2, 20, 23, 19, 22, 4, 17, 24, 5, 18, 21, 11, 14, 7, 
          9, 13, 8, 10, 16, 31, 32, 29, 30, 25, 26, 27, 28 ], 
      [ 4, 7, 9, 13, 1, 17, 21, 2, 24, 3, 25, 27, 18, 26, 28, 5, 16, 6, 29, 
          31, 10, 30, 32, 8, 15, 11, 14, 12, 23, 19, 22, 20 ], 
      [ 5, 8, 10, 1, 16, 18, 2, 24, 3, 21, 26, 28, 4, 27, 25, 17, 6, 13, 30, 
          32, 7, 31, 29, 9, 11, 14, 12, 15, 19, 22, 20, 23 ] ], 
  [ [ 2, 6, 1, 11, 14, 3, 19, 22, 20, 23, 17, 4, 24, 18, 5, 21, 12, 15, 9, 7, 
          13, 10, 8, 16, 29, 32, 31, 30, 27, 26, 25, 28 ], 
      [ 3, 1, 6, 12, 15, 2, 20, 23, 19, 22, 4, 17, 21, 5, 18, 24, 11, 14, 7, 
          9, 16, 8, 10, 13, 31, 30, 29, 32, 25, 28, 27, 26 ], 
      [ 4, 7, 9, 13, 1, 17, 21, 2, 24, 3, 25, 27, 18, 28, 26, 5, 16, 6, 29, 
          31, 10, 32, 30, 8, 14, 11, 15, 12, 22, 19, 23, 20 ], 
      [ 5, 8, 10, 1, 16, 18, 2, 24, 3, 21, 26, 28, 4, 25, 27, 17, 6, 13, 30, 
          32, 7, 29, 31, 9, 11, 15, 12, 14, 19, 23, 20, 22 ] ], 
  [ [ 2, 6, 1, 11, 14, 3, 19, 22, 20, 23, 17, 4, 24, 18, 5, 21, 12, 15, 9, 7, 
          13, 10, 8, 16, 31, 30, 29, 32, 25, 28, 27, 26 ], 
      [ 3, 1, 6, 12, 15, 2, 20, 23, 19, 22, 4, 17, 21, 5, 18, 24, 11, 14, 7, 
          9, 16, 8, 10, 13, 29, 32, 31, 30, 27, 26, 25, 28 ], 
      [ 4, 7, 9, 13, 1, 17, 21, 2, 24, 3, 25, 27, 18, 28, 26, 5, 16, 6, 29, 
          31, 10, 32, 30, 8, 14, 11, 15, 12, 22, 19, 23, 20 ], 
      [ 5, 8, 10, 1, 16, 18, 2, 24, 3, 21, 26, 28, 4, 25, 27, 17, 6, 13, 30, 
          32, 7, 29, 31, 9, 11, 15, 12, 14, 19, 23, 20, 22 ] ], 
  [ [ 2, 6, 1, 11, 14, 3, 19, 22, 20, 23, 17, 4, 21, 18, 5, 24, 12, 15, 9, 7, 
          29, 10, 8, 30, 13, 16, 31, 32, 25, 26, 28, 27 ], 
      [ 3, 1, 6, 12, 15, 2, 20, 23, 19, 22, 4, 17, 25, 5, 18, 26, 11, 14, 7, 
          9, 13, 8, 10, 16, 29, 30, 32, 31, 21, 24, 27, 28 ], 
      [ 4, 7, 9, 13, 1, 17, 21, 2, 25, 3, 24, 26, 23, 27, 28, 5, 29, 6, 30, 
          16, 14, 31, 32, 8, 15, 10, 11, 12, 22, 18, 19, 20 ], 
      [ 5, 8, 10, 1, 16, 18, 2, 24, 3, 26, 27, 28, 4, 21, 25, 20, 6, 30, 31, 
          32, 7, 29, 13, 11, 9, 12, 14, 15, 17, 19, 22, 23 ] ], 
  [ [ 2, 6, 1, 11, 14, 3, 19, 22, 20, 23, 17, 4, 21, 18, 5, 24, 12, 15, 9, 7, 
          29, 10, 8, 30, 13, 16, 31, 32, 25, 26, 28, 27 ], 
      [ 3, 1, 6, 12, 15, 2, 20, 23, 19, 22, 4, 17, 25, 5, 18, 26, 11, 14, 7, 
          9, 13, 8, 10, 16, 29, 30, 32, 31, 21, 24, 27, 28 ], 
      [ 4, 7, 9, 13, 1, 17, 21, 2, 25, 3, 26, 24, 22, 27, 28, 5, 29, 6, 16, 
          30, 15, 31, 32, 8, 14, 10, 11, 12, 23, 18, 19, 20 ], 
      [ 5, 8, 10, 1, 16, 18, 2, 24, 3, 26, 27, 28, 4, 25, 21, 19, 6, 30, 31, 
          32, 7, 13, 29, 12, 9, 11, 14, 15, 17, 20, 22, 23 ] ], 
  [ [ 2, 6, 1, 7, 8, 13, 14, 15, 3, 4, 5, 16, 21, 22, 23, 24, 9, 10, 11, 12, 
          17, 28, 29, 30, 18, 19, 20, 25, 26, 32, 27, 31 ], 
      [ 3, 1, 9, 10, 11, 2, 4, 5, 17, 18, 19, 20, 6, 7, 8, 12, 21, 25, 26, 
          27, 13, 14, 15, 16, 28, 29, 31, 22, 23, 24, 32, 30 ], 
      [ 4, 7, 10, 12, 1, 14, 16, 2, 18, 20, 3, 5, 22, 24, 6, 8, 25, 27, 9, 
          11, 28, 30, 13, 15, 31, 17, 19, 32, 21, 23, 26, 29 ], 
      [ 5, 8, 11, 1, 12, 15, 2, 16, 19, 3, 20, 4, 23, 6, 24, 7, 26, 9, 27, 
          10, 29, 13, 30, 14, 17, 31, 18, 21, 32, 22, 25, 28 ] ], 
  [ [ 2, 6, 1, 7, 8, 14, 15, 16, 3, 4, 5, 17, 18, 26, 27, 28, 29, 30, 9, 10, 
          11, 12, 13, 31, 32, 19, 25, 24, 23, 22, 21, 20 ], 
      [ 3, 1, 9, 10, 11, 2, 4, 5, 19, 20, 21, 22, 23, 6, 7, 8, 12, 13, 26, 
          32, 31, 30, 29, 28, 27, 14, 15, 16, 17, 18, 24, 25 ], 
      [ 4, 7, 10, 12, 1, 15, 17, 2, 20, 22, 3, 24, 5, 27, 29, 6, 31, 8, 32, 
          30, 9, 28, 11, 26, 13, 25, 23, 14, 21, 16, 19, 18 ], 
      [ 5, 8, 11, 1, 13, 16, 2, 18, 21, 3, 23, 4, 25, 28, 6, 30, 7, 32, 31, 
          9, 29, 10, 27, 12, 26, 24, 14, 22, 15, 20, 17, 19 ] ], 
  [ [ 2, 6, 1, 12, 15, 17, 20, 23, 3, 21, 24, 18, 4, 22, 19, 5, 29, 10, 11, 
          13, 7, 30, 16, 8, 9, 14, 31, 32, 25, 28, 26, 27 ], 
      [ 3, 1, 9, 13, 16, 2, 21, 24, 25, 18, 19, 4, 20, 26, 5, 23, 6, 12, 15, 
          7, 10, 14, 8, 11, 29, 31, 32, 30, 17, 22, 27, 28 ], 
      [ 4, 7, 10, 14, 1, 18, 22, 2, 20, 26, 3, 27, 28, 5, 25, 17, 13, 30, 6, 
          31, 32, 8, 9, 29, 12, 11, 15, 16, 21, 19, 23, 24 ], 
      [ 5, 8, 11, 1, 14, 19, 2, 22, 23, 3, 26, 25, 17, 4, 27, 28, 16, 6, 30, 
          9, 29, 7, 31, 32, 15, 10, 12, 13, 24, 18, 20, 21 ] ], 
  [ [ 2, 6, 1, 12, 15, 18, 21, 24, 3, 22, 25, 19, 4, 23, 20, 5, 26, 30, 10, 
          11, 13, 7, 31, 16, 8, 32, 9, 14, 17, 27, 29, 28 ], 
      [ 3, 1, 9, 13, 16, 2, 22, 25, 27, 19, 20, 4, 21, 28, 5, 24, 29, 6, 12, 
          15, 7, 10, 14, 8, 11, 17, 30, 32, 31, 18, 23, 26 ], 
      [ 4, 7, 10, 14, 1, 19, 23, 2, 21, 28, 3, 26, 29, 25, 27, 18, 5, 13, 31, 
          6, 32, 17, 15, 9, 30, 8, 12, 16, 11, 22, 24, 20 ], 
      [ 5, 8, 11, 1, 17, 20, 2, 26, 24, 3, 29, 27, 18, 4, 23, 28, 22, 16, 6, 
          32, 9, 30, 7, 31, 14, 12, 15, 10, 13, 25, 19, 21 ] ], 
  [ [ 2, 6, 1, 7, 8, 14, 15, 16, 3, 4, 5, 17, 18, 23, 24, 25, 13, 26, 9, 10, 
          11, 12, 19, 30, 31, 32, 20, 21, 22, 27, 28, 29 ], 
      [ 3, 1, 9, 10, 11, 2, 4, 5, 19, 20, 21, 22, 17, 6, 7, 8, 12, 13, 23, 
          27, 28, 29, 14, 15, 16, 18, 30, 31, 32, 24, 25, 26 ], 
      [ 4, 7, 10, 12, 1, 15, 17, 2, 20, 22, 3, 21, 5, 24, 13, 6, 11, 8, 27, 
          29, 9, 28, 30, 18, 14, 16, 32, 19, 31, 26, 23, 25 ], 
      [ 5, 8, 11, 1, 13, 16, 2, 18, 21, 3, 17, 4, 15, 25, 6, 26, 7, 24, 28, 
          9, 12, 10, 31, 14, 32, 30, 19, 22, 20, 23, 29, 27 ] ], 
  [ [ 2, 6, 1, 7, 8, 14, 15, 16, 3, 4, 5, 17, 18, 23, 24, 25, 26, 12, 9, 10, 
          11, 13, 19, 30, 31, 32, 20, 21, 22, 27, 28, 29 ], 
      [ 3, 1, 9, 10, 11, 2, 4, 5, 19, 20, 21, 18, 22, 6, 7, 8, 12, 13, 23, 
          27, 28, 29, 14, 15, 16, 17, 30, 31, 32, 24, 25, 26 ], 
      [ 4, 7, 10, 12, 1, 15, 17, 2, 20, 18, 3, 16, 5, 24, 26, 6, 25, 8, 27, 
          13, 9, 11, 30, 32, 14, 31, 22, 19, 21, 29, 23, 28 ], 
      [ 5, 8, 11, 1, 13, 16, 2, 18, 21, 3, 22, 4, 20, 25, 6, 12, 7, 10, 28, 
          9, 29, 27, 31, 14, 17, 15, 19, 32, 30, 23, 26, 24 ] ], 
  [ [ 2, 6, 1, 12, 15, 18, 21, 24, 3, 22, 25, 19, 4, 23, 20, 5, 26, 30, 10, 
          11, 13, 7, 17, 16, 8, 31, 9, 14, 32, 27, 29, 28 ], 
      [ 3, 1, 9, 13, 16, 2, 22, 25, 27, 19, 20, 4, 21, 28, 5, 24, 23, 6, 12, 
          15, 7, 10, 14, 8, 11, 17, 30, 32, 31, 18, 26, 29 ], 
      [ 4, 7, 10, 14, 1, 19, 23, 2, 21, 28, 3, 29, 26, 24, 27, 18, 5, 13, 17, 
          6, 32, 31, 11, 9, 30, 8, 12, 15, 16, 22, 20, 25 ], 
      [ 5, 8, 11, 1, 17, 20, 2, 26, 24, 3, 23, 27, 18, 4, 28, 29, 19, 16, 6, 
          31, 9, 30, 7, 14, 32, 13, 15, 10, 12, 25, 22, 21 ] ], 
  [ [ 2, 6, 1, 12, 15, 18, 21, 24, 3, 22, 25, 19, 4, 23, 20, 5, 26, 30, 10, 
          11, 13, 7, 31, 16, 8, 14, 9, 17, 32, 27, 29, 28 ], 
      [ 3, 1, 9, 13, 16, 2, 22, 25, 27, 19, 20, 4, 21, 26, 5, 24, 28, 6, 12, 
          15, 7, 10, 14, 8, 11, 17, 30, 32, 31, 18, 23, 29 ], 
      [ 4, 7, 10, 14, 1, 19, 23, 2, 21, 26, 3, 28, 29, 20, 27, 18, 5, 13, 31, 
          6, 17, 32, 16, 9, 30, 8, 12, 11, 15, 22, 25, 24 ], 
      [ 5, 8, 11, 1, 17, 20, 2, 26, 24, 3, 28, 27, 18, 4, 29, 23, 21, 16, 6, 
          14, 9, 30, 7, 32, 31, 10, 15, 12, 13, 25, 19, 22 ] ], 
  [ [ 2, 6, 1, 10, 11, 13, 4, 5, 3, 18, 19, 16, 21, 7, 8, 24, 9, 25, 26, 12, 
          17, 14, 15, 30, 28, 29, 20, 22, 23, 32, 27, 31 ], 
      [ 3, 1, 9, 7, 8, 2, 14, 15, 17, 4, 5, 20, 6, 22, 23, 12, 21, 10, 11, 
          27, 13, 28, 29, 16, 18, 19, 31, 25, 26, 24, 32, 30 ], 
      [ 4, 7, 10, 12, 1, 14, 16, 2, 18, 20, 3, 5, 22, 24, 6, 8, 25, 27, 9, 
          11, 28, 30, 13, 15, 31, 17, 19, 32, 21, 23, 26, 29 ], 
      [ 5, 8, 11, 1, 12, 15, 2, 16, 19, 3, 20, 4, 23, 6, 24, 7, 26, 9, 27, 
          10, 29, 13, 30, 14, 17, 31, 18, 21, 32, 22, 25, 28 ] ], 
  [ [ 2, 6, 1, 10, 11, 14, 4, 5, 3, 20, 21, 17, 18, 26, 7, 8, 29, 30, 9, 32, 
          31, 12, 13, 28, 27, 19, 15, 16, 23, 22, 24, 25 ], 
      [ 3, 1, 9, 7, 8, 2, 15, 16, 19, 4, 5, 22, 23, 6, 27, 28, 12, 13, 26, 
          10, 11, 30, 29, 31, 32, 14, 25, 24, 17, 18, 21, 20 ], 
      [ 4, 7, 10, 12, 1, 15, 17, 2, 20, 22, 3, 24, 5, 27, 29, 6, 31, 8, 32, 
          30, 9, 28, 11, 26, 13, 25, 23, 14, 21, 16, 19, 18 ], 
      [ 5, 8, 11, 1, 13, 16, 2, 18, 21, 3, 23, 4, 25, 28, 6, 30, 7, 32, 31, 
          9, 29, 10, 27, 12, 26, 24, 14, 22, 15, 20, 17, 19 ] ], 
  [ [ 2, 6, 1, 12, 15, 17, 20, 23, 3, 18, 19, 21, 4, 22, 24, 5, 29, 13, 16, 
          10, 7, 30, 11, 8, 9, 14, 31, 32, 25, 27, 28, 26 ], 
      [ 3, 1, 9, 13, 16, 2, 21, 24, 25, 20, 23, 4, 18, 26, 5, 19, 6, 10, 11, 
          7, 12, 14, 8, 15, 29, 32, 30, 31, 17, 22, 27, 28 ], 
      [ 4, 7, 10, 14, 1, 18, 22, 2, 21, 26, 3, 27, 28, 5, 17, 25, 12, 30, 6, 
          31, 32, 8, 29, 9, 13, 11, 15, 16, 20, 19, 23, 24 ], 
      [ 5, 8, 11, 1, 14, 19, 2, 22, 24, 3, 26, 17, 25, 4, 27, 28, 15, 6, 30, 
          29, 9, 7, 31, 32, 16, 10, 12, 13, 23, 18, 20, 21 ] ], 
  [ [ 2, 6, 1, 12, 15, 18, 21, 24, 3, 19, 20, 22, 4, 23, 25, 5, 26, 30, 13, 
          16, 10, 7, 31, 11, 8, 32, 9, 14, 17, 27, 29, 28 ], 
      [ 3, 1, 9, 13, 16, 2, 22, 25, 27, 21, 24, 4, 19, 28, 5, 20, 29, 6, 10, 
          11, 7, 12, 14, 8, 15, 17, 30, 32, 31, 18, 23, 26 ], 
      [ 4, 7, 10, 14, 1, 19, 23, 2, 22, 28, 3, 29, 26, 24, 18, 27, 5, 12, 31, 
          6, 17, 32, 16, 30, 9, 8, 13, 15, 11, 21, 25, 20 ], 
      [ 5, 8, 11, 1, 17, 20, 2, 26, 25, 3, 29, 18, 27, 4, 28, 23, 21, 15, 6, 
          32, 30, 9, 7, 14, 31, 13, 16, 10, 12, 24, 19, 22 ] ], 
  [ [ 2, 6, 1, 7, 8, 14, 15, 16, 3, 4, 5, 17, 18, 26, 25, 27, 23, 28, 9, 10, 
          11, 12, 13, 21, 29, 19, 32, 31, 30, 20, 22, 24 ], 
      [ 3, 1, 9, 10, 11, 2, 4, 5, 19, 20, 21, 22, 23, 6, 7, 8, 12, 13, 26, 
          30, 24, 31, 17, 32, 15, 14, 16, 18, 25, 29, 28, 27 ], 
      [ 4, 7, 10, 12, 1, 15, 17, 2, 20, 22, 3, 24, 5, 25, 23, 6, 21, 8, 30, 
          31, 9, 32, 11, 19, 13, 29, 14, 16, 18, 28, 27, 26 ], 
      [ 5, 8, 11, 1, 13, 16, 2, 18, 21, 3, 23, 4, 25, 27, 6, 28, 7, 29, 24, 
          9, 17, 10, 15, 12, 14, 32, 31, 30, 26, 19, 20, 22 ] ], 
  [ [ 2, 6, 1, 7, 8, 14, 15, 16, 3, 4, 5, 17, 12, 22, 23, 24, 25, 9, 10, 11, 
          13, 18, 29, 30, 31, 19, 20, 21, 26, 27, 32, 28 ], 
      [ 3, 1, 9, 10, 11, 2, 4, 5, 18, 19, 20, 13, 21, 6, 7, 8, 12, 22, 26, 
          27, 28, 14, 15, 16, 17, 29, 30, 32, 23, 24, 25, 31 ], 
      [ 4, 7, 10, 12, 1, 15, 17, 2, 19, 13, 3, 8, 5, 23, 25, 6, 16, 26, 21, 
          9, 11, 29, 31, 14, 24, 28, 18, 20, 32, 22, 30, 27 ], 
      [ 5, 8, 11, 1, 13, 16, 2, 12, 20, 3, 21, 4, 10, 24, 6, 17, 7, 27, 9, 
          28, 19, 30, 14, 25, 15, 18, 32, 26, 22, 31, 23, 29 ] ], 
  [ [ 2, 6, 1, 7, 8, 14, 15, 16, 3, 4, 5, 17, 18, 26, 27, 24, 28, 22, 9, 10, 
          11, 12, 13, 29, 20, 19, 32, 31, 30, 21, 23, 25 ], 
      [ 3, 1, 9, 10, 11, 2, 4, 5, 19, 20, 21, 22, 23, 6, 7, 8, 12, 13, 26, 
          25, 30, 18, 31, 16, 32, 14, 15, 17, 24, 29, 28, 27 ], 
      [ 4, 7, 10, 12, 1, 15, 17, 2, 20, 22, 3, 24, 5, 27, 28, 6, 29, 8, 25, 
          18, 9, 16, 11, 14, 13, 32, 31, 30, 26, 19, 21, 23 ], 
      [ 5, 8, 11, 1, 13, 16, 2, 18, 21, 3, 23, 4, 25, 24, 6, 22, 7, 20, 30, 
          9, 31, 10, 32, 12, 19, 29, 14, 15, 17, 28, 27, 26 ] ], 
  [ [ 2, 6, 1, 7, 8, 14, 15, 16, 3, 4, 5, 13, 17, 22, 23, 24, 25, 9, 10, 11, 
          12, 18, 29, 30, 31, 19, 20, 21, 26, 27, 32, 28 ], 
      [ 3, 1, 9, 10, 11, 2, 4, 5, 18, 19, 20, 21, 12, 6, 7, 8, 13, 22, 26, 
          27, 28, 14, 15, 16, 17, 29, 30, 32, 23, 24, 25, 31 ], 
      [ 4, 7, 10, 12, 1, 15, 13, 2, 19, 21, 3, 11, 5, 23, 17, 6, 8, 26, 28, 
          9, 20, 29, 25, 14, 16, 32, 18, 27, 31, 22, 24, 30 ], 
      [ 5, 8, 11, 1, 13, 16, 2, 17, 20, 3, 12, 4, 7, 24, 6, 25, 15, 27, 9, 
          21, 10, 30, 14, 31, 23, 18, 28, 19, 22, 32, 29, 26 ] ], 
  [ [ 2, 1, 5, 6, 3, 4, 9, 10, 7, 8, 13, 14, 11, 12, 17, 18, 15, 16, 21, 22, 
          19, 20, 25, 26, 23, 24, 29, 30, 27, 28, 32, 31 ], 
      [ 2, 1, 5, 6, 3, 4, 9, 10, 7, 8, 13, 14, 11, 12, 17, 18, 15, 16, 21, 
          22, 19, 20, 25, 26, 23, 24, 29, 30, 27, 28, 32, 31 ], 
      [ 3, 4, 1, 2, 7, 8, 5, 6, 11, 12, 9, 10, 15, 16, 13, 14, 19, 20, 17, 
          18, 23, 24, 21, 22, 27, 28, 25, 26, 31, 32, 29, 30 ], 
      [ 3, 4, 1, 2, 7, 8, 5, 6, 11, 12, 9, 10, 15, 16, 13, 14, 19, 20, 17, 
          18, 23, 24, 21, 22, 27, 28, 25, 26, 31, 32, 29, 30 ] ], 
  [ [ 2, 1, 7, 9, 10, 12, 3, 11, 4, 5, 8, 6, 17, 18, 19, 20, 13, 14, 15, 16, 
          25, 26, 27, 28, 21, 22, 23, 24, 32, 31, 30, 29 ], 
      [ 2, 1, 7, 9, 10, 12, 3, 11, 4, 5, 8, 6, 17, 18, 19, 20, 13, 14, 15, 
          16, 25, 26, 27, 28, 21, 22, 23, 24, 32, 31, 30, 29 ], 
      [ 3, 5, 8, 1, 11, 2, 13, 4, 14, 15, 6, 16, 9, 7, 12, 10, 21, 22, 23, 
          24, 18, 17, 20, 19, 29, 30, 31, 32, 26, 25, 28, 27 ], 
      [ 4, 6, 1, 8, 2, 11, 14, 3, 13, 16, 5, 15, 7, 9, 10, 12, 22, 21, 24, 
          23, 17, 18, 19, 20, 30, 29, 32, 31, 25, 26, 27, 28 ] ], 
  [ [ 2, 5, 1, 8, 3, 11, 12, 10, 4, 9, 7, 6, 17, 18, 19, 20, 14, 13, 16, 15, 
          25, 26, 27, 28, 22, 21, 24, 23, 32, 31, 29, 30 ], 
      [ 3, 1, 5, 9, 2, 12, 11, 4, 10, 8, 6, 7, 18, 17, 20, 19, 13, 14, 15, 
          16, 26, 25, 28, 27, 21, 22, 23, 24, 31, 32, 30, 29 ], 
      [ 4, 6, 7, 1, 10, 2, 3, 13, 14, 5, 15, 16, 8, 9, 11, 12, 21, 22, 23, 
          24, 17, 18, 19, 20, 29, 30, 31, 32, 25, 26, 27, 28 ], 
      [ 4, 6, 7, 1, 10, 2, 3, 13, 14, 5, 15, 16, 8, 9, 11, 12, 21, 22, 23, 
          24, 17, 18, 19, 20, 29, 30, 31, 32, 25, 26, 27, 28 ] ], 
  [ [ 2, 5, 1, 8, 3, 11, 12, 10, 4, 9, 7, 6, 17, 18, 19, 20, 14, 13, 16, 15, 
          25, 26, 27, 28, 22, 21, 24, 23, 31, 32, 30, 29 ], 
      [ 3, 1, 5, 9, 2, 12, 11, 4, 10, 8, 6, 7, 18, 17, 20, 19, 13, 14, 15, 
          16, 26, 25, 28, 27, 21, 22, 23, 24, 32, 31, 29, 30 ], 
      [ 4, 6, 7, 1, 10, 2, 3, 13, 14, 5, 15, 16, 8, 9, 11, 12, 21, 22, 23, 
          24, 17, 18, 19, 20, 29, 30, 31, 32, 25, 26, 27, 28 ], 
      [ 4, 6, 7, 1, 10, 2, 3, 13, 14, 5, 15, 16, 8, 9, 11, 12, 21, 22, 23, 
          24, 17, 18, 19, 20, 29, 30, 31, 32, 25, 26, 27, 28 ] ], 
  [ [ 2, 6, 1, 9, 10, 3, 11, 12, 5, 4, 8, 7, 17, 18, 19, 20, 14, 13, 16, 15, 
          25, 26, 27, 28, 22, 21, 24, 23, 32, 31, 29, 30 ], 
      [ 3, 1, 6, 10, 9, 2, 12, 11, 4, 5, 7, 8, 18, 17, 20, 19, 13, 14, 15, 
          16, 26, 25, 28, 27, 21, 22, 23, 24, 31, 32, 30, 29 ], 
      [ 4, 7, 8, 6, 1, 5, 3, 2, 13, 14, 15, 16, 10, 9, 12, 11, 21, 22, 23, 
          24, 18, 17, 20, 19, 29, 30, 31, 32, 26, 25, 28, 27 ], 
      [ 5, 8, 7, 1, 6, 4, 2, 3, 14, 13, 16, 15, 9, 10, 11, 12, 22, 21, 24, 
          23, 17, 18, 19, 20, 30, 29, 32, 31, 25, 26, 27, 28 ] ], 
  [ [ 2, 6, 1, 9, 10, 3, 11, 12, 5, 4, 8, 7, 17, 18, 19, 20, 14, 13, 16, 15, 
          25, 26, 27, 28, 22, 21, 24, 23, 31, 32, 30, 29 ], 
      [ 3, 1, 6, 10, 9, 2, 12, 11, 4, 5, 7, 8, 18, 17, 20, 19, 13, 14, 15, 
          16, 26, 25, 28, 27, 21, 22, 23, 24, 32, 31, 29, 30 ], 
      [ 4, 7, 8, 6, 1, 5, 3, 2, 13, 14, 15, 16, 10, 9, 12, 11, 21, 22, 23, 
          24, 18, 17, 20, 19, 29, 30, 31, 32, 26, 25, 28, 27 ], 
      [ 5, 8, 7, 1, 6, 4, 2, 3, 14, 13, 16, 15, 9, 10, 11, 12, 22, 21, 24, 
          23, 17, 18, 19, 20, 30, 29, 32, 31, 25, 26, 27, 28 ] ], 
  [ [ 2, 6, 1, 11, 14, 3, 18, 21, 19, 22, 16, 4, 20, 17, 5, 12, 15, 9, 7, 28, 
          10, 8, 13, 32, 31, 30, 29, 23, 25, 24, 27, 26 ], 
      [ 3, 1, 6, 12, 15, 2, 19, 22, 18, 21, 4, 16, 23, 5, 17, 11, 14, 7, 9, 
          13, 8, 10, 28, 30, 29, 32, 31, 20, 27, 26, 25, 24 ], 
      [ 4, 7, 9, 13, 1, 16, 20, 2, 23, 3, 24, 26, 5, 25, 27, 28, 6, 29, 31, 
          8, 30, 32, 10, 14, 11, 15, 12, 17, 21, 18, 22, 19 ], 
      [ 5, 8, 10, 1, 13, 17, 2, 20, 3, 23, 25, 27, 4, 24, 26, 6, 28, 30, 32, 
          7, 29, 31, 9, 11, 14, 12, 15, 16, 18, 21, 19, 22 ] ], 
  [ [ 2, 6, 1, 11, 14, 3, 18, 21, 19, 22, 16, 4, 20, 17, 5, 12, 15, 9, 7, 28, 
          10, 8, 13, 30, 29, 32, 31, 23, 27, 26, 25, 24 ], 
      [ 3, 1, 6, 12, 15, 2, 19, 22, 18, 21, 4, 16, 23, 5, 17, 11, 14, 7, 9, 
          13, 8, 10, 28, 32, 31, 30, 29, 20, 25, 24, 27, 26 ], 
      [ 4, 7, 9, 13, 1, 16, 20, 2, 23, 3, 24, 26, 5, 25, 27, 28, 6, 29, 31, 
          8, 30, 32, 10, 14, 11, 15, 12, 17, 21, 18, 22, 19 ], 
      [ 5, 8, 10, 1, 13, 17, 2, 20, 3, 23, 25, 27, 4, 24, 26, 6, 28, 30, 32, 
          7, 29, 31, 9, 11, 14, 12, 15, 16, 18, 21, 19, 22 ] ], 
  [ [ 2, 5, 1, 8, 3, 11, 13, 15, 4, 18, 20, 6, 23, 7, 9, 25, 24, 27, 10, 12, 
          17, 16, 14, 29, 28, 30, 19, 22, 21, 32, 26, 31 ], 
      [ 3, 1, 5, 9, 2, 12, 14, 4, 15, 19, 6, 20, 7, 23, 8, 22, 21, 10, 27, 
          11, 29, 28, 13, 17, 16, 31, 18, 25, 24, 26, 32, 30 ], 
      [ 4, 6, 7, 1, 10, 2, 3, 16, 17, 5, 21, 22, 24, 25, 26, 8, 9, 28, 29, 
          30, 11, 12, 31, 13, 14, 15, 32, 18, 19, 20, 23, 27 ], 
      [ 4, 6, 7, 1, 10, 2, 3, 16, 17, 5, 21, 22, 24, 25, 26, 8, 9, 28, 29, 
          30, 11, 12, 31, 13, 14, 15, 32, 18, 19, 20, 23, 27 ] ], 
  [ [ 2, 5, 1, 8, 3, 11, 13, 15, 4, 18, 20, 6, 23, 7, 9, 21, 22, 27, 10, 12, 
          28, 29, 14, 16, 17, 30, 19, 24, 25, 32, 26, 31 ], 
      [ 3, 1, 5, 9, 2, 12, 14, 4, 15, 19, 6, 20, 7, 23, 8, 24, 25, 10, 27, 
          11, 16, 17, 13, 28, 29, 31, 18, 21, 22, 26, 32, 30 ], 
      [ 4, 6, 7, 1, 10, 2, 3, 16, 17, 5, 21, 22, 24, 25, 26, 8, 9, 28, 29, 
          30, 11, 12, 31, 13, 14, 15, 32, 18, 19, 20, 23, 27 ], 
      [ 4, 6, 7, 1, 10, 2, 3, 16, 17, 5, 21, 22, 24, 25, 26, 8, 9, 28, 29, 
          30, 11, 12, 31, 13, 14, 15, 32, 18, 19, 20, 23, 27 ] ], 
  [ [ 2, 5, 1, 9, 11, 13, 3, 17, 16, 4, 20, 10, 8, 6, 7, 26, 25, 23, 24, 15, 
          14, 12, 19, 30, 29, 28, 18, 22, 21, 32, 27, 31 ], 
      [ 3, 1, 7, 10, 2, 14, 15, 13, 4, 12, 5, 22, 6, 21, 20, 9, 8, 27, 23, 
          11, 29, 28, 18, 19, 17, 16, 31, 26, 25, 24, 32, 30 ], 
      [ 4, 6, 8, 1, 12, 2, 16, 3, 18, 19, 21, 5, 23, 24, 25, 7, 27, 9, 10, 
          28, 11, 30, 13, 14, 15, 31, 17, 20, 32, 22, 26, 29 ], 
      [ 4, 6, 8, 1, 12, 2, 16, 3, 18, 19, 21, 5, 23, 24, 25, 7, 27, 9, 10, 
          28, 11, 30, 13, 14, 15, 31, 17, 20, 32, 22, 26, 29 ] ], 
  [ [ 2, 5, 1, 9, 11, 13, 3, 17, 16, 4, 20, 10, 8, 6, 7, 26, 25, 28, 27, 15, 
          14, 12, 32, 18, 30, 29, 31, 19, 22, 21, 23, 24 ], 
      [ 3, 1, 7, 10, 2, 14, 15, 13, 4, 12, 5, 22, 6, 21, 20, 9, 8, 24, 28, 
          11, 30, 29, 31, 32, 17, 16, 19, 18, 26, 25, 27, 23 ], 
      [ 4, 6, 8, 1, 12, 2, 16, 3, 18, 19, 21, 5, 23, 24, 25, 7, 27, 9, 10, 
          29, 11, 31, 13, 14, 15, 32, 17, 30, 20, 28, 22, 26 ], 
      [ 4, 6, 8, 1, 12, 2, 16, 3, 18, 19, 21, 5, 23, 24, 25, 7, 27, 9, 10, 
          29, 11, 31, 13, 14, 15, 32, 17, 30, 20, 28, 22, 26 ] ], 
  [ [ 2, 5, 1, 9, 11, 13, 3, 14, 12, 4, 20, 22, 21, 6, 7, 10, 8, 27, 28, 15, 
          30, 29, 19, 32, 17, 16, 31, 18, 26, 25, 24, 23 ], 
      [ 3, 1, 7, 10, 2, 14, 15, 17, 4, 16, 5, 9, 6, 8, 20, 26, 25, 28, 23, 
          11, 13, 12, 32, 31, 30, 29, 18, 19, 22, 21, 27, 24 ], 
      [ 4, 6, 8, 1, 12, 2, 16, 3, 18, 19, 21, 5, 23, 24, 25, 7, 27, 9, 10, 
          29, 11, 31, 13, 14, 15, 32, 17, 30, 20, 28, 22, 26 ], 
      [ 4, 6, 8, 1, 12, 2, 16, 3, 18, 19, 21, 5, 23, 24, 25, 7, 27, 9, 10, 
          29, 11, 31, 13, 14, 15, 32, 17, 30, 20, 28, 22, 26 ] ], 
  [ [ 2, 5, 1, 9, 11, 13, 3, 14, 12, 4, 20, 22, 21, 6, 7, 10, 8, 23, 24, 15, 
          29, 28, 30, 18, 17, 16, 19, 26, 25, 32, 27, 31 ], 
      [ 3, 1, 7, 10, 2, 14, 15, 17, 4, 16, 5, 9, 6, 8, 20, 26, 25, 24, 27, 
          11, 13, 12, 18, 19, 29, 28, 31, 22, 21, 23, 32, 30 ], 
      [ 4, 6, 8, 1, 12, 2, 16, 3, 18, 19, 21, 5, 23, 24, 25, 7, 27, 9, 10, 
          28, 11, 30, 13, 14, 15, 31, 17, 20, 32, 22, 26, 29 ], 
      [ 4, 6, 8, 1, 12, 2, 16, 3, 18, 19, 21, 5, 23, 24, 25, 7, 27, 9, 10, 
          28, 11, 30, 13, 14, 15, 31, 17, 20, 32, 22, 26, 29 ] ], 
  [ [ 2, 6, 1, 11, 14, 3, 18, 21, 22, 19, 17, 4, 20, 16, 5, 15, 12, 10, 7, 
          28, 9, 8, 13, 30, 29, 32, 31, 23, 26, 27, 24, 25 ], 
      [ 3, 1, 6, 12, 15, 2, 19, 22, 21, 18, 4, 17, 23, 5, 16, 14, 11, 7, 10, 
          13, 8, 9, 28, 31, 32, 29, 30, 20, 25, 24, 27, 26 ], 
      [ 4, 7, 9, 13, 1, 16, 20, 2, 23, 3, 24, 26, 5, 25, 27, 28, 6, 29, 31, 
          8, 30, 32, 10, 14, 11, 15, 12, 17, 21, 18, 22, 19 ], 
      [ 5, 8, 10, 1, 13, 17, 2, 20, 3, 23, 25, 27, 4, 24, 26, 6, 28, 30, 32, 
          7, 29, 31, 9, 11, 14, 12, 15, 16, 18, 21, 19, 22 ] ], 
  [ [ 2, 6, 1, 11, 14, 3, 18, 21, 22, 19, 17, 4, 20, 16, 5, 15, 12, 10, 7, 
          28, 9, 8, 13, 29, 30, 31, 32, 23, 27, 26, 25, 24 ], 
      [ 3, 1, 6, 12, 15, 2, 19, 22, 21, 18, 4, 17, 23, 5, 16, 14, 11, 7, 10, 
          13, 8, 9, 28, 32, 31, 30, 29, 20, 24, 25, 26, 27 ], 
      [ 4, 7, 9, 13, 1, 16, 20, 2, 23, 3, 24, 26, 5, 25, 27, 28, 6, 29, 31, 
          8, 30, 32, 10, 14, 11, 15, 12, 17, 21, 18, 22, 19 ], 
      [ 5, 8, 10, 1, 13, 17, 2, 20, 3, 23, 25, 27, 4, 24, 26, 6, 28, 30, 32, 
          7, 29, 31, 9, 11, 14, 12, 15, 16, 18, 21, 19, 22 ] ], 
  [ [ 2, 6, 1, 12, 15, 17, 20, 23, 3, 24, 21, 19, 4, 22, 18, 5, 14, 13, 16, 
          10, 7, 9, 11, 8, 29, 30, 31, 32, 27, 28, 26, 25 ], 
      [ 3, 1, 9, 13, 16, 2, 21, 24, 22, 20, 23, 4, 18, 17, 5, 19, 6, 15, 12, 
          7, 11, 14, 8, 10, 32, 31, 29, 30, 25, 26, 27, 28 ], 
      [ 4, 7, 10, 14, 1, 18, 22, 2, 19, 17, 3, 25, 27, 5, 26, 28, 11, 9, 6, 
          29, 31, 8, 30, 32, 15, 12, 16, 13, 23, 20, 24, 21 ], 
      [ 5, 8, 11, 1, 14, 19, 2, 22, 18, 3, 17, 26, 28, 4, 25, 27, 10, 6, 9, 
          30, 32, 7, 29, 31, 12, 15, 13, 16, 20, 23, 21, 24 ] ], 
  [ [ 2, 6, 1, 12, 15, 17, 20, 23, 3, 24, 21, 19, 4, 22, 18, 5, 14, 13, 16, 
          10, 7, 9, 11, 8, 30, 29, 32, 31, 28, 27, 25, 26 ], 
      [ 3, 1, 9, 13, 16, 2, 21, 24, 22, 20, 23, 4, 18, 17, 5, 19, 6, 15, 12, 
          7, 11, 14, 8, 10, 31, 32, 30, 29, 26, 25, 28, 27 ], 
      [ 4, 7, 10, 14, 1, 18, 22, 2, 19, 17, 3, 25, 27, 5, 26, 28, 11, 9, 6, 
          29, 31, 8, 30, 32, 15, 12, 16, 13, 23, 20, 24, 21 ], 
      [ 5, 8, 11, 1, 14, 19, 2, 22, 18, 3, 17, 26, 28, 4, 25, 27, 10, 6, 9, 
          30, 32, 7, 29, 31, 12, 15, 13, 16, 20, 23, 21, 24 ] ], 
  [ [ 2, 6, 1, 12, 15, 17, 20, 23, 3, 21, 24, 18, 4, 22, 19, 5, 14, 16, 13, 
          11, 7, 9, 10, 8, 30, 29, 32, 31, 27, 28, 26, 25 ], 
      [ 3, 1, 9, 13, 16, 2, 21, 24, 22, 23, 20, 4, 19, 17, 5, 18, 6, 12, 15, 
          7, 10, 14, 8, 11, 32, 31, 29, 30, 26, 25, 28, 27 ], 
      [ 4, 7, 10, 14, 1, 18, 22, 2, 19, 17, 3, 25, 27, 5, 26, 28, 11, 9, 6, 
          29, 31, 8, 30, 32, 15, 12, 16, 13, 23, 20, 24, 21 ], 
      [ 5, 8, 11, 1, 14, 19, 2, 22, 18, 3, 17, 26, 28, 4, 25, 27, 10, 6, 9, 
          30, 32, 7, 29, 31, 12, 15, 13, 16, 20, 23, 21, 24 ] ], 
  [ [ 2, 6, 1, 12, 15, 17, 20, 23, 3, 21, 24, 18, 4, 22, 19, 5, 14, 16, 13, 
          11, 7, 9, 10, 8, 29, 30, 31, 32, 28, 27, 25, 26 ], 
      [ 3, 1, 9, 13, 16, 2, 21, 24, 22, 23, 20, 4, 19, 17, 5, 18, 6, 12, 15, 
          7, 10, 14, 8, 11, 31, 32, 30, 29, 25, 26, 27, 28 ], 
      [ 4, 7, 10, 14, 1, 18, 22, 2, 19, 17, 3, 25, 27, 5, 26, 28, 11, 9, 6, 
          29, 31, 8, 30, 32, 15, 12, 16, 13, 23, 20, 24, 21 ], 
      [ 5, 8, 11, 1, 14, 19, 2, 22, 18, 3, 17, 26, 28, 4, 25, 27, 10, 6, 9, 
          30, 32, 7, 29, 31, 12, 15, 13, 16, 20, 23, 21, 24 ] ], 
  [ [ 2, 6, 1, 11, 13, 14, 16, 18, 3, 17, 5, 4, 15, 26, 28, 8, 7, 27, 9, 12, 
          10, 29, 30, 31, 32, 19, 21, 20, 23, 25, 22, 24 ], 
      [ 3, 1, 9, 12, 11, 2, 17, 16, 19, 21, 4, 20, 5, 6, 13, 7, 10, 8, 26, 
          28, 27, 31, 29, 32, 30, 14, 18, 15, 22, 23, 24, 25 ], 
      [ 4, 7, 10, 9, 1, 5, 3, 2, 20, 19, 22, 24, 23, 8, 6, 29, 31, 30, 27, 
          26, 32, 12, 11, 28, 13, 15, 14, 25, 17, 16, 21, 18 ], 
      [ 5, 8, 7, 1, 6, 15, 2, 14, 4, 3, 23, 22, 25, 27, 26, 30, 29, 32, 10, 
          9, 31, 11, 13, 12, 28, 20, 19, 24, 16, 18, 17, 21 ] ], 
  [ [ 2, 6, 1, 11, 13, 14, 16, 18, 3, 17, 5, 4, 15, 26, 28, 8, 7, 27, 9, 12, 
          10, 32, 31, 30, 29, 19, 21, 20, 24, 22, 25, 23 ], 
      [ 3, 1, 9, 12, 11, 2, 17, 16, 19, 21, 4, 20, 5, 6, 13, 7, 10, 8, 26, 
          28, 27, 30, 32, 29, 31, 14, 18, 15, 25, 24, 23, 22 ], 
      [ 4, 7, 10, 9, 1, 5, 3, 2, 20, 19, 22, 24, 23, 8, 6, 29, 31, 30, 27, 
          26, 32, 12, 11, 28, 13, 15, 14, 25, 17, 16, 21, 18 ], 
      [ 5, 8, 7, 1, 6, 15, 2, 14, 4, 3, 23, 22, 25, 27, 26, 30, 29, 32, 10, 
          9, 31, 11, 13, 12, 28, 20, 19, 24, 16, 18, 17, 21 ] ], 
  [ [ 2, 6, 1, 11, 12, 14, 16, 17, 3, 18, 15, 4, 5, 26, 28, 27, 7, 8, 9, 13, 
          10, 31, 32, 29, 30, 19, 21, 20, 23, 24, 25, 22 ], 
      [ 3, 1, 9, 12, 13, 2, 17, 18, 19, 21, 4, 5, 20, 6, 11, 7, 8, 10, 26, 
          28, 27, 32, 29, 30, 31, 14, 16, 15, 24, 25, 22, 23 ], 
      [ 4, 7, 8, 6, 1, 15, 14, 2, 5, 3, 22, 23, 24, 27, 26, 29, 30, 31, 10, 
          9, 32, 28, 11, 12, 13, 20, 19, 25, 21, 16, 17, 18 ], 
      [ 5, 8, 10, 1, 9, 4, 2, 3, 20, 19, 23, 24, 25, 7, 6, 30, 31, 32, 27, 
          26, 29, 11, 12, 13, 28, 15, 14, 22, 16, 17, 18, 21 ] ], 
  [ [ 2, 6, 1, 11, 12, 14, 16, 17, 3, 18, 15, 4, 5, 26, 28, 27, 7, 8, 9, 13, 
          10, 29, 30, 31, 32, 19, 21, 20, 25, 22, 23, 24 ], 
      [ 3, 1, 9, 12, 13, 2, 17, 18, 19, 21, 4, 5, 20, 6, 11, 7, 8, 10, 26, 
          28, 27, 30, 31, 32, 29, 14, 16, 15, 22, 23, 24, 25 ], 
      [ 4, 7, 8, 6, 1, 15, 14, 2, 5, 3, 22, 23, 24, 27, 26, 29, 30, 31, 10, 
          9, 32, 28, 11, 12, 13, 20, 19, 25, 21, 16, 17, 18 ], 
      [ 5, 8, 10, 1, 9, 4, 2, 3, 20, 19, 23, 24, 25, 7, 6, 30, 31, 32, 27, 
          26, 29, 11, 12, 13, 28, 15, 14, 22, 16, 17, 18, 21 ] ], 
  [ [ 2, 1, 6, 5, 4, 3, 10, 9, 8, 7, 14, 13, 12, 11, 18, 17, 16, 15, 22, 21, 
          20, 19, 26, 25, 24, 23, 30, 29, 28, 27, 32, 31 ], 
      [ 2, 1, 6, 5, 4, 3, 10, 9, 8, 7, 14, 13, 12, 11, 18, 17, 16, 15, 22, 
          21, 20, 19, 26, 25, 24, 23, 30, 29, 28, 27, 32, 31 ], 
      [ 3, 5, 7, 1, 9, 2, 11, 4, 13, 6, 15, 8, 17, 10, 19, 12, 21, 14, 23, 
          16, 25, 18, 27, 20, 29, 22, 31, 24, 32, 26, 28, 30 ], 
      [ 4, 6, 1, 8, 2, 10, 3, 12, 5, 14, 7, 16, 9, 18, 11, 20, 13, 22, 15, 
          24, 17, 26, 19, 28, 21, 30, 23, 31, 25, 32, 27, 29 ] ], 
  [ [ 2, 1, 7, 9, 11, 13, 3, 14, 4, 12, 5, 10, 6, 8, 20, 23, 25, 21, 27, 15, 
          18, 29, 16, 31, 17, 32, 19, 30, 22, 28, 24, 26 ], 
      [ 2, 1, 7, 9, 11, 13, 3, 14, 4, 12, 5, 10, 6, 8, 20, 23, 25, 21, 27, 
          15, 18, 29, 16, 31, 17, 32, 19, 30, 22, 28, 24, 26 ], 
      [ 3, 5, 8, 1, 12, 2, 15, 17, 18, 4, 20, 22, 23, 6, 9, 7, 26, 27, 10, 
          13, 11, 30, 31, 14, 16, 29, 32, 19, 21, 25, 28, 24 ], 
      [ 4, 6, 1, 10, 2, 14, 16, 3, 15, 19, 21, 5, 20, 24, 7, 25, 8, 9, 28, 
          11, 29, 12, 13, 32, 30, 17, 18, 31, 26, 22, 23, 27 ] ], 
  [ [ 2, 6, 1, 8, 7, 3, 14, 13, 5, 4, 16, 15, 10, 9, 22, 21, 12, 11, 24, 23, 
          18, 17, 30, 29, 20, 19, 32, 31, 26, 25, 27, 28 ], 
      [ 3, 1, 6, 10, 9, 2, 5, 4, 14, 13, 18, 17, 8, 7, 12, 11, 22, 21, 26, 
          25, 16, 15, 20, 19, 30, 29, 31, 32, 24, 23, 28, 27 ], 
      [ 4, 7, 9, 11, 1, 13, 15, 2, 17, 3, 19, 5, 21, 6, 23, 8, 25, 10, 27, 
          12, 29, 14, 31, 16, 32, 18, 30, 20, 28, 22, 26, 24 ], 
      [ 5, 8, 10, 1, 12, 14, 2, 16, 3, 18, 4, 20, 6, 22, 7, 24, 9, 26, 11, 
          28, 13, 30, 15, 32, 17, 31, 19, 29, 21, 27, 23, 25 ] ], 
  [ [ 2, 6, 1, 8, 7, 3, 14, 13, 5, 4, 16, 15, 10, 9, 22, 21, 12, 11, 24, 23, 
          18, 17, 29, 28, 20, 19, 30, 26, 25, 32, 27, 31 ], 
      [ 3, 1, 6, 10, 9, 2, 5, 4, 14, 13, 18, 17, 8, 7, 12, 11, 22, 21, 26, 
          25, 16, 15, 20, 19, 29, 28, 31, 24, 23, 27, 32, 30 ], 
      [ 4, 7, 9, 11, 1, 13, 15, 2, 17, 3, 19, 5, 21, 6, 23, 8, 25, 10, 27, 
          12, 28, 14, 30, 16, 31, 18, 20, 32, 22, 24, 26, 29 ], 
      [ 5, 8, 10, 1, 12, 14, 2, 16, 3, 18, 4, 20, 6, 22, 7, 24, 9, 26, 11, 
          27, 13, 29, 15, 30, 17, 31, 19, 21, 32, 23, 25, 28 ] ], 
  [ [ 2, 6, 1, 10, 9, 3, 5, 4, 14, 13, 16, 15, 8, 7, 22, 21, 12, 11, 26, 25, 
          18, 17, 20, 19, 30, 29, 32, 31, 24, 23, 27, 28 ], 
      [ 3, 1, 6, 8, 7, 2, 14, 13, 5, 4, 18, 17, 10, 9, 12, 11, 22, 21, 24, 
          23, 16, 15, 30, 29, 20, 19, 31, 32, 26, 25, 28, 27 ], 
      [ 4, 7, 9, 11, 1, 13, 15, 2, 17, 3, 19, 5, 21, 6, 23, 8, 25, 10, 27, 
          12, 29, 14, 31, 16, 32, 18, 30, 20, 28, 22, 26, 24 ], 
      [ 5, 8, 10, 1, 12, 14, 2, 16, 3, 18, 4, 20, 6, 22, 7, 24, 9, 26, 11, 
          28, 13, 30, 15, 32, 17, 31, 19, 29, 21, 27, 23, 25 ] ], 
  [ [ 2, 6, 1, 10, 9, 3, 5, 4, 14, 13, 16, 15, 8, 7, 22, 21, 12, 11, 26, 25, 
          18, 17, 20, 19, 29, 28, 30, 24, 23, 32, 27, 31 ], 
      [ 3, 1, 6, 8, 7, 2, 14, 13, 5, 4, 18, 17, 10, 9, 12, 11, 22, 21, 24, 
          23, 16, 15, 29, 28, 20, 19, 31, 26, 25, 27, 32, 30 ], 
      [ 4, 7, 9, 11, 1, 13, 15, 2, 17, 3, 19, 5, 21, 6, 23, 8, 25, 10, 27, 
          12, 28, 14, 30, 16, 31, 18, 20, 32, 22, 24, 26, 29 ], 
      [ 5, 8, 10, 1, 12, 14, 2, 16, 3, 18, 4, 20, 6, 22, 7, 24, 9, 26, 11, 
          27, 13, 29, 15, 30, 17, 31, 19, 21, 32, 23, 25, 28 ] ], 
  [ [ 2, 6, 1, 11, 14, 3, 19, 22, 20, 23, 17, 4, 24, 18, 5, 21, 12, 15, 9, 7, 
          30, 10, 8, 29, 16, 13, 31, 32, 26, 25, 28, 27 ], 
      [ 3, 1, 6, 12, 15, 2, 20, 23, 19, 22, 4, 17, 26, 5, 18, 25, 11, 14, 7, 
          9, 16, 8, 10, 13, 30, 29, 32, 31, 24, 21, 27, 28 ], 
      [ 4, 7, 9, 13, 1, 17, 21, 2, 25, 3, 27, 28, 20, 24, 26, 5, 29, 6, 31, 
          32, 11, 30, 16, 8, 12, 10, 14, 15, 19, 18, 22, 23 ], 
      [ 5, 8, 10, 1, 16, 18, 2, 24, 3, 26, 21, 25, 4, 27, 28, 23, 6, 30, 29, 
          13, 7, 31, 32, 14, 9, 15, 11, 12, 17, 22, 19, 20 ] ], 
  [ [ 2, 6, 1, 11, 14, 3, 19, 22, 20, 23, 17, 4, 24, 18, 5, 21, 12, 15, 9, 7, 
          30, 10, 8, 29, 16, 13, 31, 32, 26, 25, 28, 27 ], 
      [ 3, 1, 6, 12, 15, 2, 20, 23, 19, 22, 4, 17, 26, 5, 18, 25, 11, 14, 7, 
          9, 16, 8, 10, 13, 30, 29, 32, 31, 24, 21, 27, 28 ], 
      [ 4, 7, 9, 13, 1, 17, 21, 2, 25, 3, 27, 28, 19, 26, 24, 5, 29, 6, 31, 
          32, 12, 16, 30, 8, 11, 10, 14, 15, 20, 18, 22, 23 ], 
      [ 5, 8, 10, 1, 16, 18, 2, 24, 3, 26, 25, 21, 4, 27, 28, 22, 6, 30, 13, 
          29, 7, 31, 32, 15, 9, 14, 11, 12, 17, 23, 19, 20 ] ], 
  [ [ 2, 6, 1, 8, 7, 14, 16, 15, 3, 5, 4, 18, 17, 26, 28, 27, 30, 29, 9, 11, 
          10, 13, 12, 32, 31, 19, 24, 25, 22, 23, 20, 21 ], 
      [ 3, 1, 9, 11, 10, 2, 5, 4, 19, 21, 20, 23, 22, 6, 8, 7, 13, 12, 26, 
          31, 32, 29, 30, 27, 28, 14, 16, 15, 18, 17, 25, 24 ], 
      [ 4, 7, 10, 12, 1, 15, 17, 2, 20, 22, 3, 24, 5, 27, 29, 6, 31, 8, 32, 
          30, 9, 28, 11, 26, 13, 25, 23, 14, 21, 16, 19, 18 ], 
      [ 5, 8, 11, 1, 13, 16, 2, 18, 21, 3, 23, 4, 25, 28, 6, 30, 7, 32, 31, 
          9, 29, 10, 27, 12, 26, 24, 14, 22, 15, 20, 17, 19 ] ], 
  [ [ 2, 6, 1, 8, 7, 13, 15, 14, 3, 5, 4, 16, 21, 23, 22, 24, 9, 11, 10, 12, 
          17, 29, 28, 30, 19, 18, 20, 26, 25, 32, 27, 31 ], 
      [ 3, 1, 9, 11, 10, 2, 5, 4, 17, 19, 18, 20, 6, 8, 7, 12, 21, 26, 25, 
          27, 13, 15, 14, 16, 29, 28, 31, 23, 22, 24, 32, 30 ], 
      [ 4, 7, 10, 12, 1, 14, 16, 2, 18, 20, 3, 5, 22, 24, 6, 8, 25, 27, 9, 
          11, 28, 30, 13, 15, 31, 17, 19, 32, 21, 23, 26, 29 ], 
      [ 5, 8, 11, 1, 12, 15, 2, 16, 19, 3, 20, 4, 23, 6, 24, 7, 26, 9, 27, 
          10, 29, 13, 30, 14, 17, 31, 18, 21, 32, 22, 25, 28 ] ], 
  [ [ 2, 6, 1, 12, 15, 18, 21, 24, 3, 22, 25, 19, 4, 26, 20, 5, 23, 30, 11, 
          10, 16, 7, 32, 13, 8, 31, 9, 17, 14, 27, 28, 29 ], 
      [ 3, 1, 9, 13, 16, 2, 22, 25, 27, 20, 19, 4, 24, 29, 5, 21, 28, 6, 12, 
          15, 7, 10, 17, 8, 11, 14, 30, 31, 32, 18, 26, 23 ], 
      [ 4, 7, 10, 14, 1, 19, 23, 2, 24, 28, 3, 27, 18, 22, 26, 29, 5, 16, 31, 
          6, 9, 30, 12, 32, 17, 8, 15, 13, 11, 25, 21, 20 ], 
      [ 5, 8, 11, 1, 17, 20, 2, 26, 21, 3, 29, 23, 28, 4, 27, 18, 25, 13, 6, 
          32, 31, 14, 7, 9, 30, 15, 12, 10, 16, 22, 19, 24 ] ], 
  [ [ 2, 6, 1, 12, 15, 17, 20, 23, 3, 21, 24, 18, 4, 22, 19, 5, 29, 11, 10, 
          16, 7, 30, 13, 8, 9, 14, 31, 32, 25, 28, 26, 27 ], 
      [ 3, 1, 9, 13, 16, 2, 21, 24, 25, 19, 18, 4, 23, 26, 5, 20, 6, 12, 15, 
          7, 10, 14, 8, 11, 29, 31, 32, 30, 17, 22, 27, 28 ], 
      [ 4, 7, 10, 14, 1, 18, 22, 2, 23, 26, 3, 25, 17, 5, 27, 28, 16, 30, 6, 
          9, 29, 8, 31, 32, 15, 11, 12, 13, 24, 19, 20, 21 ], 
      [ 5, 8, 11, 1, 14, 19, 2, 22, 20, 3, 26, 27, 28, 4, 25, 17, 13, 6, 30, 
          31, 32, 7, 9, 29, 12, 10, 15, 16, 21, 18, 23, 24 ] ], 
  [ [ 2, 6, 1, 10, 13, 3, 5, 19, 16, 23, 4, 18, 17, 20, 8, 29, 7, 28, 27, 30, 
          9, 12, 11, 14, 31, 32, 15, 22, 21, 24, 26, 25 ], 
      [ 3, 1, 6, 11, 7, 2, 17, 15, 21, 4, 23, 22, 5, 24, 27, 9, 13, 12, 8, 
          14, 29, 28, 10, 30, 32, 31, 19, 18, 16, 20, 25, 26 ], 
      [ 4, 7, 9, 12, 1, 15, 18, 2, 22, 3, 25, 21, 24, 5, 28, 6, 31, 11, 14, 
          8, 32, 27, 30, 10, 29, 13, 26, 17, 20, 16, 23, 19 ], 
      [ 5, 8, 10, 1, 14, 16, 2, 20, 3, 24, 18, 4, 26, 19, 6, 30, 28, 7, 32, 
          29, 12, 9, 31, 13, 11, 27, 22, 15, 25, 23, 17, 21 ] ], 
  [ [ 2, 6, 1, 10, 13, 3, 5, 18, 15, 21, 4, 23, 16, 8, 28, 7, 30, 26, 9, 31, 
          11, 29, 27, 12, 32, 14, 24, 19, 25, 20, 17, 22 ], 
      [ 3, 1, 6, 11, 7, 2, 16, 14, 19, 4, 21, 24, 5, 26, 9, 13, 31, 8, 28, 
          30, 10, 32, 12, 27, 29, 18, 23, 15, 22, 17, 20, 25 ], 
      [ 4, 7, 9, 12, 1, 14, 17, 2, 20, 3, 22, 5, 24, 27, 6, 29, 8, 31, 32, 
          10, 30, 28, 11, 26, 13, 25, 15, 23, 21, 16, 19, 18 ], 
      [ 5, 8, 10, 1, 12, 15, 2, 17, 3, 20, 23, 4, 25, 6, 27, 30, 7, 32, 31, 
          9, 29, 11, 28, 13, 26, 24, 14, 22, 16, 21, 18, 19 ] ], 
  [ [ 2, 6, 1, 11, 9, 3, 17, 4, 21, 15, 19, 18, 5, 20, 27, 7, 29, 28, 8, 30, 
          13, 12, 10, 14, 31, 32, 23, 22, 16, 24, 26, 25 ], 
      [ 3, 1, 6, 8, 13, 2, 16, 19, 5, 23, 4, 22, 21, 24, 10, 29, 7, 12, 11, 
          14, 9, 28, 27, 30, 32, 31, 15, 18, 17, 20, 25, 26 ], 
      [ 4, 7, 9, 12, 1, 15, 18, 2, 22, 3, 25, 17, 20, 5, 28, 6, 31, 27, 30, 
          8, 32, 11, 14, 10, 29, 13, 26, 21, 24, 16, 23, 19 ], 
      [ 5, 8, 10, 1, 14, 16, 2, 20, 3, 24, 22, 4, 26, 23, 6, 30, 12, 7, 32, 
          13, 28, 9, 31, 29, 11, 27, 18, 15, 25, 19, 17, 21 ] ], 
  [ [ 2, 6, 1, 11, 9, 3, 16, 4, 19, 14, 18, 24, 5, 26, 7, 28, 31, 8, 13, 30, 
          10, 29, 12, 27, 32, 21, 23, 15, 25, 17, 20, 22 ], 
      [ 3, 1, 6, 8, 13, 2, 15, 18, 5, 21, 4, 23, 19, 10, 28, 7, 30, 11, 9, 
          31, 26, 32, 27, 12, 29, 14, 24, 16, 22, 20, 17, 25 ], 
      [ 4, 7, 9, 12, 1, 14, 17, 2, 20, 3, 22, 5, 24, 27, 6, 29, 8, 31, 32, 
          10, 30, 28, 11, 26, 13, 25, 15, 23, 21, 16, 19, 18 ], 
      [ 5, 8, 10, 1, 12, 15, 2, 17, 3, 20, 23, 4, 25, 6, 27, 30, 7, 32, 31, 
          9, 29, 11, 28, 13, 26, 24, 14, 22, 16, 21, 18, 19 ] ], 
  [ [ 2, 6, 1, 11, 10, 14, 5, 4, 3, 21, 20, 18, 17, 26, 8, 7, 30, 29, 9, 31, 
          32, 13, 12, 27, 28, 19, 16, 15, 22, 23, 25, 24 ], 
      [ 3, 1, 9, 8, 7, 2, 16, 15, 19, 5, 4, 23, 22, 6, 28, 27, 13, 12, 26, 
          11, 10, 29, 30, 32, 31, 14, 24, 25, 18, 17, 20, 21 ], 
      [ 4, 7, 10, 12, 1, 15, 17, 2, 20, 22, 3, 24, 5, 27, 29, 6, 31, 8, 32, 
          30, 9, 28, 11, 26, 13, 25, 23, 14, 21, 16, 19, 18 ], 
      [ 5, 8, 11, 1, 13, 16, 2, 18, 21, 3, 23, 4, 25, 28, 6, 30, 7, 32, 31, 
          9, 29, 10, 27, 12, 26, 24, 14, 22, 15, 20, 17, 19 ] ], 
  [ [ 2, 6, 1, 11, 10, 13, 5, 4, 3, 19, 18, 16, 21, 8, 7, 24, 9, 26, 25, 12, 
          17, 15, 14, 30, 29, 28, 20, 23, 22, 32, 27, 31 ], 
      [ 3, 1, 9, 8, 7, 2, 15, 14, 17, 5, 4, 20, 6, 23, 22, 12, 21, 11, 10, 
          27, 13, 29, 28, 16, 19, 18, 31, 26, 25, 24, 32, 30 ], 
      [ 4, 7, 10, 12, 1, 14, 16, 2, 18, 20, 3, 5, 22, 24, 6, 8, 25, 27, 9, 
          11, 28, 30, 13, 15, 31, 17, 19, 32, 21, 23, 26, 29 ], 
      [ 5, 8, 11, 1, 12, 15, 2, 16, 19, 3, 20, 4, 23, 6, 24, 7, 26, 9, 27, 
          10, 29, 13, 30, 14, 17, 31, 18, 21, 32, 22, 25, 28 ] ], 
  [ [ 2, 6, 1, 11, 14, 15, 5, 20, 3, 18, 16, 4, 25, 17, 27, 8, 30, 7, 31, 28, 
          9, 12, 10, 32, 29, 13, 21, 22, 24, 23, 26, 19 ], 
      [ 3, 1, 9, 12, 7, 2, 18, 16, 21, 23, 4, 22, 26, 5, 6, 11, 14, 10, 32, 
          8, 27, 28, 30, 29, 13, 31, 15, 20, 25, 17, 19, 24 ], 
      [ 4, 7, 10, 13, 1, 16, 19, 2, 22, 24, 3, 21, 5, 26, 14, 29, 6, 9, 8, 
          32, 30, 31, 27, 11, 12, 28, 20, 15, 17, 25, 18, 23 ], 
      [ 5, 8, 11, 1, 13, 17, 2, 19, 18, 3, 24, 25, 4, 15, 28, 6, 29, 31, 7, 
          27, 12, 9, 32, 10, 30, 14, 23, 26, 16, 21, 22, 20 ] ], 
  [ [ 2, 6, 1, 11, 14, 16, 5, 21, 3, 19, 17, 4, 20, 18, 22, 28, 8, 31, 7, 30, 
          29, 32, 9, 12, 10, 13, 15, 23, 24, 27, 25, 26 ], 
      [ 3, 1, 9, 12, 7, 2, 19, 17, 23, 25, 4, 24, 26, 5, 27, 6, 11, 14, 10, 
          13, 8, 15, 28, 29, 31, 32, 30, 16, 21, 20, 18, 22 ], 
      [ 4, 7, 10, 13, 1, 17, 20, 2, 24, 26, 3, 23, 25, 27, 5, 14, 30, 6, 9, 
          12, 15, 8, 31, 32, 28, 29, 11, 21, 16, 19, 22, 18 ], 
      [ 5, 8, 11, 1, 15, 18, 2, 22, 19, 3, 27, 20, 4, 16, 21, 29, 6, 32, 30, 
          7, 28, 31, 12, 9, 13, 10, 14, 25, 26, 17, 23, 24 ] ], 
  [ [ 2, 6, 1, 12, 15, 18, 21, 24, 3, 20, 19, 25, 4, 26, 22, 5, 23, 30, 13, 
          16, 10, 7, 32, 11, 8, 31, 9, 17, 14, 27, 28, 29 ], 
      [ 3, 1, 9, 13, 16, 2, 22, 25, 27, 21, 24, 4, 19, 29, 5, 20, 28, 6, 11, 
          10, 7, 15, 17, 8, 12, 14, 30, 31, 32, 18, 26, 23 ], 
      [ 4, 7, 10, 14, 1, 19, 23, 2, 25, 28, 3, 18, 27, 21, 29, 26, 5, 15, 31, 
          6, 30, 9, 13, 17, 32, 8, 16, 12, 11, 24, 22, 20 ], 
      [ 5, 8, 11, 1, 17, 20, 2, 26, 22, 3, 29, 28, 23, 4, 18, 27, 24, 12, 6, 
          32, 14, 31, 7, 30, 9, 16, 13, 10, 15, 21, 19, 25 ] ], 
  [ [ 2, 6, 1, 12, 15, 17, 20, 23, 3, 19, 18, 24, 4, 22, 21, 5, 29, 13, 16, 
          10, 7, 30, 11, 8, 9, 14, 31, 32, 25, 27, 28, 26 ], 
      [ 3, 1, 9, 13, 16, 2, 21, 24, 25, 20, 23, 4, 18, 26, 5, 19, 6, 11, 10, 
          7, 15, 14, 8, 12, 29, 32, 30, 31, 17, 22, 27, 28 ], 
      [ 4, 7, 10, 14, 1, 18, 22, 2, 24, 26, 3, 17, 25, 5, 27, 28, 15, 30, 6, 
          29, 9, 8, 31, 32, 16, 11, 12, 13, 23, 19, 20, 21 ], 
      [ 5, 8, 11, 1, 14, 19, 2, 22, 21, 3, 26, 27, 28, 4, 17, 25, 12, 6, 30, 
          31, 32, 7, 29, 9, 13, 10, 15, 16, 20, 18, 23, 24 ] ], 
  [ [ 2, 6, 1, 12, 10, 15, 18, 4, 3, 17, 20, 16, 26, 5, 27, 29, 7, 28, 32, 8, 
          9, 14, 31, 11, 13, 30, 21, 22, 24, 23, 19, 25 ], 
      [ 3, 1, 9, 8, 14, 2, 17, 20, 21, 5, 24, 4, 25, 22, 6, 12, 10, 7, 31, 
          11, 27, 28, 30, 29, 32, 13, 15, 18, 16, 26, 23, 19 ], 
      [ 4, 7, 10, 13, 1, 16, 19, 2, 20, 23, 3, 15, 5, 26, 28, 30, 6, 27, 8, 
          32, 14, 9, 11, 31, 12, 29, 24, 25, 21, 17, 18, 22 ], 
      [ 5, 8, 11, 1, 13, 17, 2, 19, 22, 3, 23, 25, 4, 21, 12, 6, 30, 31, 7, 
          9, 29, 32, 10, 27, 28, 14, 18, 15, 26, 16, 24, 20 ] ], 
  [ [ 2, 6, 1, 12, 10, 16, 19, 4, 3, 18, 21, 17, 20, 5, 22, 28, 30, 7, 29, 
          31, 8, 32, 9, 14, 13, 11, 15, 23, 24, 26, 27, 25 ], 
      [ 3, 1, 9, 8, 14, 2, 18, 21, 23, 5, 26, 4, 25, 24, 27, 6, 12, 10, 7, 
          13, 11, 15, 28, 29, 32, 30, 31, 16, 19, 17, 20, 22 ], 
      [ 4, 7, 10, 13, 1, 17, 20, 2, 21, 25, 3, 16, 19, 22, 5, 29, 31, 6, 28, 
          30, 32, 8, 14, 9, 12, 15, 11, 26, 27, 23, 24, 18 ], 
      [ 5, 8, 11, 1, 15, 18, 2, 22, 24, 3, 27, 25, 4, 23, 26, 12, 6, 32, 13, 
          7, 9, 14, 30, 31, 10, 28, 29, 19, 16, 20, 17, 21 ] ], 
  [ [ 2, 5, 1, 8, 9, 4, 3, 12, 13, 6, 7, 16, 17, 10, 11, 20, 21, 14, 15, 24, 
          25, 18, 19, 28, 29, 22, 23, 31, 27, 26, 32, 30 ], 
      [ 3, 1, 7, 6, 2, 10, 11, 4, 5, 14, 15, 8, 9, 18, 19, 12, 13, 22, 23, 
          16, 17, 26, 27, 20, 21, 30, 29, 24, 25, 32, 28, 31 ], 
      [ 4, 6, 8, 1, 10, 2, 12, 3, 14, 5, 16, 7, 18, 9, 20, 11, 22, 13, 24, 
          15, 26, 17, 28, 19, 30, 21, 31, 23, 32, 25, 27, 29 ], 
      [ 4, 6, 8, 1, 10, 2, 12, 3, 14, 5, 16, 7, 18, 9, 20, 11, 22, 13, 24, 
          15, 26, 17, 28, 19, 30, 21, 31, 23, 32, 25, 27, 29 ] ], 
  [ [ 2, 5, 1, 9, 11, 13, 3, 17, 16, 4, 20, 10, 8, 6, 7, 27, 26, 23, 24, 29, 
          14, 12, 19, 32, 15, 30, 31, 18, 28, 22, 21, 25 ], 
      [ 3, 1, 7, 10, 2, 14, 15, 13, 4, 12, 5, 22, 6, 21, 25, 9, 8, 28, 23, 
          11, 31, 30, 18, 19, 32, 17, 16, 29, 20, 26, 27, 24 ], 
      [ 4, 6, 8, 1, 12, 2, 16, 3, 18, 19, 21, 5, 23, 24, 26, 7, 28, 9, 10, 
          30, 11, 32, 13, 14, 31, 15, 29, 17, 27, 20, 25, 22 ], 
      [ 4, 6, 8, 1, 12, 2, 16, 3, 18, 19, 21, 5, 23, 24, 26, 7, 28, 9, 10, 
          30, 11, 32, 13, 14, 31, 15, 29, 17, 27, 20, 25, 22 ] ], 
  [ [ 2, 6, 1, 10, 11, 13, 4, 5, 3, 18, 19, 16, 21, 7, 8, 24, 9, 26, 27, 12, 
          29, 14, 15, 32, 17, 31, 30, 20, 28, 22, 23, 25 ], 
      [ 3, 1, 9, 7, 8, 2, 14, 15, 17, 4, 5, 20, 6, 22, 23, 12, 25, 10, 11, 
          28, 13, 30, 31, 16, 32, 18, 19, 29, 21, 27, 26, 24 ], 
      [ 4, 7, 10, 12, 1, 14, 16, 2, 18, 20, 3, 5, 22, 24, 6, 8, 26, 28, 9, 
          11, 30, 32, 13, 15, 31, 29, 17, 19, 27, 25, 21, 23 ], 
      [ 5, 8, 11, 1, 12, 15, 2, 16, 19, 3, 20, 4, 23, 6, 24, 7, 27, 9, 28, 
          10, 31, 13, 32, 14, 30, 17, 29, 18, 26, 21, 25, 22 ] ], 
  [ [ 2, 6, 1, 11, 10, 13, 5, 4, 3, 19, 18, 16, 21, 8, 7, 24, 9, 27, 26, 12, 
          29, 15, 14, 32, 17, 30, 31, 20, 28, 23, 22, 25 ], 
      [ 3, 1, 9, 8, 7, 2, 15, 14, 17, 5, 4, 20, 6, 23, 22, 12, 25, 11, 10, 
          28, 13, 31, 30, 16, 32, 19, 18, 29, 21, 26, 27, 24 ], 
      [ 4, 7, 10, 12, 1, 14, 16, 2, 18, 20, 3, 5, 22, 24, 6, 8, 26, 28, 9, 
          11, 30, 32, 13, 15, 31, 29, 17, 19, 27, 25, 21, 23 ], 
      [ 5, 8, 11, 1, 12, 15, 2, 16, 19, 3, 20, 4, 23, 6, 24, 7, 27, 9, 28, 
          10, 31, 13, 32, 14, 30, 17, 29, 18, 26, 21, 25, 22 ] ], 
  [ [ 2, 5, 1, 6, 9, 10, 3, 4, 13, 14, 7, 8, 17, 18, 11, 12, 21, 22, 15, 16, 
          25, 26, 19, 20, 29, 30, 23, 24, 27, 32, 28, 31 ], 
      [ 3, 1, 7, 8, 2, 4, 11, 12, 5, 6, 15, 16, 9, 10, 19, 20, 13, 14, 23, 
          24, 17, 18, 27, 28, 21, 22, 29, 31, 25, 26, 32, 30 ], 
      [ 4, 6, 8, 1, 10, 2, 12, 3, 14, 5, 16, 7, 18, 9, 20, 11, 22, 13, 24, 
          15, 26, 17, 28, 19, 30, 21, 31, 23, 32, 25, 27, 29 ], 
      [ 4, 6, 8, 1, 10, 2, 12, 3, 14, 5, 16, 7, 18, 9, 20, 11, 22, 13, 24, 
          15, 26, 17, 28, 19, 30, 21, 31, 23, 32, 25, 27, 29 ] ], 
  [ [ 2, 5, 1, 9, 11, 13, 3, 14, 12, 4, 20, 22, 21, 6, 7, 10, 8, 23, 24, 29, 
          31, 30, 32, 18, 15, 17, 16, 19, 28, 26, 27, 25 ], 
      [ 3, 1, 7, 10, 2, 14, 15, 17, 4, 16, 5, 9, 6, 8, 25, 27, 26, 24, 28, 
          11, 13, 12, 18, 19, 32, 30, 31, 29, 20, 22, 21, 23 ], 
      [ 4, 6, 8, 1, 12, 2, 16, 3, 18, 19, 21, 5, 23, 24, 26, 7, 28, 9, 10, 
          30, 11, 32, 13, 14, 31, 15, 29, 17, 27, 20, 25, 22 ], 
      [ 4, 6, 8, 1, 12, 2, 16, 3, 18, 19, 21, 5, 23, 24, 26, 7, 28, 9, 10, 
          30, 11, 32, 13, 14, 31, 15, 29, 17, 27, 20, 25, 22 ] ], 
  [ [ 2, 6, 1, 7, 8, 13, 14, 15, 3, 4, 5, 16, 21, 22, 23, 24, 9, 10, 11, 12, 
          29, 30, 31, 32, 17, 18, 19, 20, 28, 27, 26, 25 ], 
      [ 3, 1, 9, 10, 11, 2, 4, 5, 17, 18, 19, 20, 6, 7, 8, 12, 25, 26, 27, 
          28, 13, 14, 15, 16, 32, 31, 30, 29, 21, 22, 23, 24 ], 
      [ 4, 7, 10, 12, 1, 14, 16, 2, 18, 20, 3, 5, 22, 24, 6, 8, 26, 28, 9, 
          11, 30, 32, 13, 15, 31, 29, 17, 19, 27, 25, 21, 23 ], 
      [ 5, 8, 11, 1, 12, 15, 2, 16, 19, 3, 20, 4, 23, 6, 24, 7, 27, 9, 28, 
          10, 31, 13, 32, 14, 30, 17, 29, 18, 26, 21, 25, 22 ] ], 
  [ [ 2, 6, 1, 8, 7, 13, 15, 14, 3, 5, 4, 16, 21, 23, 22, 24, 9, 11, 10, 12, 
          29, 31, 30, 32, 17, 19, 18, 20, 28, 26, 27, 25 ], 
      [ 3, 1, 9, 11, 10, 2, 5, 4, 17, 19, 18, 20, 6, 8, 7, 12, 25, 27, 26, 
          28, 13, 15, 14, 16, 32, 30, 31, 29, 21, 23, 22, 24 ], 
      [ 4, 7, 10, 12, 1, 14, 16, 2, 18, 20, 3, 5, 22, 24, 6, 8, 26, 28, 9, 
          11, 30, 32, 13, 15, 31, 29, 17, 19, 27, 25, 21, 23 ], 
      [ 5, 8, 11, 1, 12, 15, 2, 16, 19, 3, 20, 4, 23, 6, 24, 7, 27, 9, 28, 
          10, 31, 13, 32, 14, 30, 17, 29, 18, 26, 21, 25, 22 ] ], 
  [ [ 2, 6, 1, 7, 8, 14, 15, 16, 3, 4, 5, 17, 18, 12, 23, 10, 24, 9, 11, 13, 
          25, 26, 21, 30, 31, 19, 20, 22, 32, 29, 28, 27 ], 
      [ 3, 1, 9, 10, 11, 2, 4, 5, 18, 16, 19, 14, 20, 6, 7, 8, 12, 13, 26, 
          27, 23, 28, 15, 17, 21, 22, 32, 31, 30, 24, 25, 29 ], 
      [ 4, 7, 10, 12, 1, 15, 17, 2, 16, 14, 3, 21, 5, 23, 24, 6, 25, 8, 9, 
          11, 29, 13, 30, 31, 32, 18, 19, 20, 22, 28, 27, 26 ], 
      [ 5, 8, 11, 1, 13, 16, 2, 18, 19, 3, 20, 4, 22, 10, 6, 9, 7, 26, 27, 
          28, 12, 29, 14, 15, 17, 32, 31, 30, 21, 23, 24, 25 ] ], 
  [ [ 2, 6, 1, 7, 8, 14, 15, 16, 3, 4, 5, 17, 18, 13, 11, 23, 9, 24, 10, 12, 
          25, 26, 22, 30, 19, 31, 20, 21, 32, 29, 28, 27 ], 
      [ 3, 1, 9, 10, 11, 2, 4, 5, 17, 19, 15, 20, 14, 6, 7, 8, 12, 13, 25, 
          27, 28, 23, 16, 18, 21, 22, 32, 31, 30, 24, 26, 29 ], 
      [ 4, 7, 10, 12, 1, 15, 17, 2, 19, 20, 3, 21, 5, 11, 9, 6, 25, 8, 27, 
          28, 29, 13, 14, 16, 32, 18, 31, 30, 22, 23, 24, 26 ], 
      [ 5, 8, 11, 1, 13, 16, 2, 18, 15, 3, 14, 4, 22, 23, 6, 24, 7, 26, 9, 
          10, 12, 29, 30, 31, 17, 32, 19, 20, 21, 28, 27, 25 ] ], 
  [ [ 2, 6, 1, 12, 15, 18, 21, 24, 3, 22, 25, 19, 4, 23, 20, 5, 26, 14, 11, 
          13, 16, 7, 30, 10, 8, 9, 17, 31, 32, 29, 27, 28 ], 
      [ 3, 1, 9, 13, 16, 2, 22, 25, 26, 24, 19, 4, 20, 18, 5, 21, 27, 6, 12, 
          15, 7, 10, 14, 8, 11, 17, 31, 32, 30, 23, 28, 29 ], 
      [ 4, 7, 10, 14, 1, 19, 23, 2, 20, 18, 3, 26, 27, 25, 28, 29, 5, 16, 30, 
          6, 9, 17, 15, 31, 32, 8, 11, 12, 13, 24, 21, 22 ], 
      [ 5, 8, 11, 1, 17, 20, 2, 26, 21, 3, 27, 28, 29, 4, 23, 18, 22, 10, 6, 
          9, 31, 32, 7, 30, 14, 12, 13, 15, 16, 19, 24, 25 ] ], 
  [ [ 2, 6, 1, 12, 15, 18, 21, 24, 3, 22, 25, 19, 4, 23, 20, 5, 26, 17, 16, 
          10, 11, 7, 9, 13, 8, 30, 14, 31, 32, 29, 27, 28 ], 
      [ 3, 1, 9, 13, 16, 2, 22, 25, 23, 20, 21, 4, 24, 27, 5, 19, 18, 6, 12, 
          15, 7, 10, 14, 8, 11, 17, 31, 32, 30, 26, 28, 29 ], 
      [ 4, 7, 10, 14, 1, 19, 23, 2, 24, 27, 3, 26, 18, 25, 28, 29, 5, 11, 9, 
          6, 30, 17, 15, 31, 32, 8, 16, 12, 13, 20, 21, 22 ], 
      [ 5, 8, 11, 1, 17, 20, 2, 26, 19, 3, 18, 28, 29, 4, 23, 27, 22, 13, 6, 
          30, 31, 32, 7, 9, 14, 12, 10, 15, 16, 21, 24, 25 ] ], 
  [ [ 2, 6, 1, 7, 8, 11, 5, 12, 3, 4, 15, 16, 9, 10, 19, 20, 13, 14, 23, 24, 
          17, 18, 27, 28, 21, 22, 31, 32, 25, 26, 29, 30 ], 
      [ 3, 1, 9, 10, 7, 2, 4, 5, 13, 14, 6, 8, 17, 18, 11, 12, 21, 22, 15, 
          16, 25, 26, 19, 20, 29, 30, 23, 24, 31, 32, 27, 28 ], 
      [ 4, 7, 10, 9, 1, 5, 3, 2, 14, 13, 8, 6, 18, 17, 12, 11, 22, 21, 16, 
          15, 26, 25, 20, 19, 30, 29, 24, 23, 32, 31, 28, 27 ], 
      [ 5, 8, 7, 1, 6, 12, 2, 11, 4, 3, 16, 15, 10, 9, 20, 19, 14, 13, 24, 
          23, 18, 17, 28, 27, 22, 21, 32, 31, 26, 25, 30, 29 ] ], 
  [ [ 2, 6, 1, 11, 13, 14, 16, 18, 3, 17, 5, 4, 15, 26, 28, 8, 7, 27, 9, 12, 
          10, 29, 30, 31, 32, 24, 20, 21, 23, 25, 22, 19 ], 
      [ 3, 1, 9, 12, 11, 2, 17, 16, 19, 21, 4, 20, 5, 6, 13, 7, 10, 8, 32, 
          27, 28, 31, 29, 26, 30, 14, 18, 15, 22, 23, 24, 25 ], 
      [ 4, 7, 10, 9, 1, 5, 3, 2, 20, 19, 22, 24, 23, 8, 6, 29, 31, 30, 28, 
          32, 26, 12, 11, 27, 13, 15, 14, 25, 17, 16, 21, 18 ], 
      [ 5, 8, 7, 1, 6, 15, 2, 14, 4, 3, 23, 22, 25, 27, 26, 30, 29, 32, 10, 
          9, 31, 11, 13, 12, 28, 21, 24, 19, 16, 18, 17, 20 ] ], 
  [ [ 2, 6, 1, 7, 8, 14, 15, 16, 3, 4, 5, 17, 18, 26, 27, 28, 29, 30, 9, 10, 
          11, 12, 13, 31, 32, 22, 25, 20, 23, 19, 21, 24 ], 
      [ 3, 1, 9, 10, 11, 2, 4, 5, 19, 20, 21, 22, 23, 6, 7, 8, 12, 13, 30, 
          28, 31, 26, 29, 32, 27, 14, 15, 16, 17, 18, 24, 25 ], 
      [ 4, 7, 10, 12, 1, 15, 17, 2, 20, 22, 3, 24, 5, 27, 29, 6, 31, 8, 28, 
          26, 9, 32, 11, 30, 13, 25, 23, 14, 21, 16, 19, 18 ], 
      [ 5, 8, 11, 1, 13, 16, 2, 18, 21, 3, 23, 4, 25, 28, 6, 30, 7, 32, 31, 
          9, 29, 10, 27, 12, 26, 20, 14, 19, 15, 24, 17, 22 ] ], 
  [ [ 2, 6, 1, 11, 14, 16, 5, 21, 3, 19, 17, 4, 20, 18, 22, 28, 8, 31, 7, 30, 
          29, 32, 9, 12, 10, 13, 15, 26, 25, 27, 24, 23 ], 
      [ 3, 1, 9, 12, 7, 2, 19, 17, 23, 25, 4, 24, 26, 5, 27, 6, 11, 14, 10, 
          13, 8, 15, 32, 31, 29, 28, 30, 16, 21, 20, 18, 22 ], 
      [ 4, 7, 10, 13, 1, 17, 20, 2, 24, 26, 3, 23, 25, 27, 5, 14, 30, 6, 9, 
          12, 15, 8, 29, 28, 32, 31, 11, 21, 16, 19, 22, 18 ], 
      [ 5, 8, 11, 1, 15, 18, 2, 22, 19, 3, 27, 20, 4, 16, 21, 29, 6, 32, 30, 
          7, 28, 31, 12, 9, 13, 10, 14, 24, 23, 17, 26, 25 ] ], 
  [ [ 2, 6, 1, 7, 8, 11, 12, 4, 3, 5, 15, 16, 9, 10, 19, 20, 13, 14, 23, 24, 
          17, 18, 27, 28, 21, 22, 31, 32, 25, 26, 29, 30 ], 
      [ 3, 1, 9, 8, 10, 2, 4, 5, 13, 14, 6, 7, 17, 18, 11, 12, 21, 22, 15, 
          16, 25, 26, 19, 20, 29, 30, 23, 24, 31, 32, 27, 28 ], 
      [ 4, 7, 8, 6, 1, 12, 11, 2, 5, 3, 16, 15, 10, 9, 20, 19, 14, 13, 24, 
          23, 18, 17, 28, 27, 22, 21, 32, 31, 26, 25, 30, 29 ], 
      [ 5, 8, 10, 1, 9, 4, 2, 3, 14, 13, 7, 6, 18, 17, 12, 11, 22, 21, 16, 
          15, 26, 25, 20, 19, 30, 29, 24, 23, 32, 31, 28, 27 ] ], 
  [ [ 2, 6, 1, 11, 12, 14, 16, 17, 3, 18, 15, 4, 5, 26, 28, 27, 7, 8, 9, 13, 
          10, 29, 30, 31, 32, 25, 20, 21, 19, 22, 23, 24 ], 
      [ 3, 1, 9, 12, 13, 2, 17, 18, 19, 21, 4, 5, 20, 6, 11, 7, 8, 10, 29, 
          27, 28, 30, 31, 32, 26, 14, 16, 15, 22, 23, 24, 25 ], 
      [ 4, 7, 8, 6, 1, 15, 14, 2, 5, 3, 22, 23, 24, 27, 26, 29, 30, 31, 10, 
          9, 32, 28, 11, 12, 13, 21, 25, 19, 20, 16, 17, 18 ], 
      [ 5, 8, 10, 1, 9, 4, 2, 3, 20, 19, 23, 24, 25, 7, 6, 30, 31, 32, 28, 
          29, 26, 11, 12, 13, 27, 15, 14, 22, 16, 17, 18, 21 ] ], 
  [ [ 2, 6, 1, 7, 8, 14, 15, 16, 3, 4, 5, 17, 18, 26, 27, 28, 29, 30, 9, 10, 
          11, 12, 13, 31, 32, 23, 21, 24, 19, 22, 25, 20 ], 
      [ 3, 1, 9, 10, 11, 2, 4, 5, 19, 20, 21, 22, 23, 6, 7, 8, 12, 13, 29, 
          32, 27, 30, 26, 28, 31, 14, 15, 16, 17, 18, 24, 25 ], 
      [ 4, 7, 10, 12, 1, 15, 17, 2, 20, 22, 3, 24, 5, 27, 29, 6, 31, 8, 32, 
          30, 9, 28, 11, 26, 13, 21, 19, 14, 25, 16, 23, 18 ], 
      [ 5, 8, 11, 1, 13, 16, 2, 18, 21, 3, 23, 4, 25, 28, 6, 30, 7, 32, 27, 
          9, 26, 10, 31, 12, 29, 24, 14, 22, 15, 20, 17, 19 ] ], 
  [ [ 2, 6, 1, 12, 10, 16, 19, 4, 3, 18, 21, 17, 20, 5, 22, 28, 30, 7, 29, 
          31, 8, 32, 9, 14, 13, 11, 15, 27, 26, 24, 23, 25 ], 
      [ 3, 1, 9, 8, 14, 2, 18, 21, 23, 5, 26, 4, 25, 24, 27, 6, 12, 10, 7, 
          13, 11, 15, 31, 30, 32, 29, 28, 16, 19, 17, 20, 22 ], 
      [ 4, 7, 10, 13, 1, 17, 20, 2, 21, 25, 3, 16, 19, 22, 5, 29, 31, 6, 28, 
          30, 32, 8, 14, 9, 12, 15, 11, 24, 23, 27, 26, 18 ], 
      [ 5, 8, 11, 1, 15, 18, 2, 22, 24, 3, 27, 25, 4, 23, 26, 12, 6, 32, 13, 
          7, 9, 14, 29, 28, 10, 31, 30, 19, 16, 20, 17, 21 ] ], 
  [ [ 2, 6, 1, 7, 4, 10, 11, 3, 5, 14, 15, 8, 9, 18, 19, 12, 13, 22, 23, 16, 
          17, 26, 27, 20, 21, 30, 31, 24, 25, 28, 32, 29 ], 
      [ 3, 1, 8, 5, 9, 2, 4, 12, 13, 6, 7, 16, 17, 10, 11, 20, 21, 14, 15, 
          24, 25, 18, 19, 28, 29, 22, 23, 30, 32, 26, 27, 31 ], 
      [ 4, 7, 5, 2, 1, 11, 6, 9, 3, 15, 10, 13, 8, 19, 14, 17, 12, 23, 18, 
          21, 16, 27, 22, 25, 20, 31, 26, 29, 24, 32, 30, 28 ], 
      [ 5, 4, 9, 1, 3, 7, 2, 13, 8, 11, 6, 17, 12, 15, 10, 21, 16, 19, 14, 
          25, 20, 23, 18, 29, 24, 27, 22, 32, 28, 31, 26, 30 ] ], 
  [ [ 2, 6, 1, 7, 8, 14, 15, 16, 3, 4, 5, 17, 18, 23, 24, 25, 26, 12, 9, 10, 
          11, 13, 30, 29, 31, 27, 19, 20, 21, 22, 32, 28 ], 
      [ 3, 1, 9, 10, 11, 2, 4, 5, 19, 20, 21, 18, 22, 6, 7, 8, 12, 13, 27, 
          28, 29, 30, 14, 15, 16, 17, 26, 32, 24, 23, 25, 31 ], 
      [ 4, 7, 10, 12, 1, 15, 17, 2, 20, 18, 3, 16, 5, 24, 26, 6, 25, 8, 28, 
          13, 9, 11, 29, 27, 14, 31, 32, 22, 19, 21, 23, 30 ], 
      [ 5, 8, 11, 1, 13, 16, 2, 18, 21, 3, 22, 4, 20, 25, 6, 12, 7, 10, 29, 
          9, 30, 28, 31, 14, 17, 15, 24, 19, 23, 32, 26, 27 ] ], 
  [ [ 2, 6, 1, 7, 8, 13, 11, 14, 3, 4, 5, 9, 15, 19, 20, 10, 12, 16, 21, 25, 
          26, 17, 18, 22, 27, 31, 32, 23, 24, 28, 30, 29 ], 
      [ 3, 1, 9, 10, 11, 2, 4, 5, 12, 16, 7, 17, 6, 8, 13, 18, 22, 23, 14, 
          15, 19, 24, 28, 29, 20, 21, 25, 30, 32, 31, 26, 27 ], 
      [ 4, 7, 10, 12, 1, 11, 9, 2, 16, 17, 3, 18, 5, 6, 8, 22, 23, 24, 13, 
          14, 15, 28, 29, 30, 19, 20, 21, 32, 31, 27, 25, 26 ], 
      [ 5, 8, 11, 1, 13, 14, 2, 15, 7, 3, 6, 4, 19, 20, 21, 9, 10, 12, 25, 
          26, 27, 16, 17, 18, 31, 32, 30, 22, 23, 24, 29, 28 ] ], 
  [ [ 2, 6, 1, 7, 8, 14, 15, 16, 3, 4, 5, 17, 18, 22, 26, 20, 27, 19, 9, 10, 
          11, 12, 13, 25, 28, 31, 32, 29, 21, 23, 24, 30 ], 
      [ 3, 1, 9, 10, 11, 2, 4, 5, 19, 20, 21, 22, 23, 6, 7, 8, 12, 13, 18, 
          16, 29, 14, 30, 31, 24, 15, 17, 25, 28, 32, 26, 27 ], 
      [ 4, 7, 10, 12, 1, 15, 17, 2, 20, 22, 3, 24, 5, 26, 27, 6, 25, 8, 16, 
          14, 9, 31, 11, 23, 13, 32, 28, 18, 19, 21, 30, 29 ], 
      [ 5, 8, 11, 1, 13, 16, 2, 18, 21, 3, 23, 4, 25, 20, 6, 19, 7, 28, 29, 
          9, 30, 10, 24, 12, 17, 14, 15, 27, 32, 31, 22, 26 ] ], 
  [ [ 2, 6, 1, 5, 7, 10, 11, 3, 4, 14, 15, 8, 9, 18, 19, 12, 13, 22, 23, 16, 
          17, 26, 27, 20, 21, 30, 31, 24, 25, 28, 32, 29 ], 
      [ 3, 1, 8, 9, 4, 2, 5, 12, 13, 6, 7, 16, 17, 10, 11, 20, 21, 14, 15, 
          24, 25, 18, 19, 28, 29, 22, 23, 30, 32, 26, 27, 31 ], 
      [ 4, 5, 9, 3, 1, 7, 2, 13, 8, 11, 6, 17, 12, 15, 10, 21, 16, 19, 14, 
          25, 20, 23, 18, 29, 24, 27, 22, 32, 28, 31, 26, 30 ], 
      [ 5, 7, 4, 1, 2, 11, 6, 9, 3, 15, 10, 13, 8, 19, 14, 17, 12, 23, 18, 
          21, 16, 27, 22, 25, 20, 31, 26, 29, 24, 32, 30, 28 ] ], 
  [ [ 2, 6, 1, 7, 8, 14, 15, 16, 3, 4, 5, 17, 18, 23, 24, 25, 13, 26, 9, 10, 
          11, 12, 30, 31, 28, 27, 19, 20, 21, 22, 32, 29 ], 
      [ 3, 1, 9, 10, 11, 2, 4, 5, 19, 20, 21, 22, 17, 6, 7, 8, 12, 13, 27, 
          28, 29, 30, 14, 15, 16, 18, 26, 25, 32, 23, 24, 31 ], 
      [ 4, 7, 10, 12, 1, 15, 17, 2, 20, 22, 3, 21, 5, 24, 13, 6, 11, 8, 28, 
          30, 9, 29, 31, 18, 14, 16, 25, 23, 19, 32, 26, 27 ], 
      [ 5, 8, 11, 1, 13, 16, 2, 18, 21, 3, 17, 4, 15, 25, 6, 26, 7, 24, 29, 
          9, 12, 10, 28, 14, 27, 31, 32, 19, 22, 20, 23, 30 ] ], 
  [ [ 2, 6, 1, 7, 8, 12, 14, 10, 3, 4, 5, 15, 9, 18, 20, 11, 13, 21, 16, 24, 
          26, 17, 19, 27, 22, 30, 32, 23, 25, 31, 28, 29 ], 
      [ 3, 1, 9, 10, 11, 2, 4, 5, 13, 8, 16, 6, 17, 7, 12, 19, 22, 14, 23, 
          15, 18, 25, 28, 20, 29, 21, 24, 31, 32, 26, 30, 27 ], 
      [ 4, 7, 10, 12, 1, 14, 15, 2, 8, 6, 3, 18, 5, 20, 21, 9, 11, 24, 13, 
          26, 27, 16, 17, 30, 19, 32, 31, 22, 23, 29, 25, 28 ], 
      [ 5, 8, 11, 1, 13, 10, 2, 9, 16, 3, 17, 4, 19, 6, 7, 22, 23, 12, 25, 
          14, 15, 28, 29, 18, 31, 20, 21, 32, 30, 24, 27, 26 ] ], 
  [ [ 2, 6, 1, 7, 8, 14, 15, 16, 3, 4, 5, 17, 18, 23, 21, 26, 19, 27, 9, 10, 
          11, 12, 13, 28, 24, 31, 32, 29, 20, 22, 25, 30 ], 
      [ 3, 1, 9, 10, 11, 2, 4, 5, 19, 20, 21, 22, 23, 6, 7, 8, 12, 13, 17, 
          29, 15, 30, 14, 25, 31, 16, 18, 24, 28, 32, 26, 27 ], 
      [ 4, 7, 10, 12, 1, 15, 17, 2, 20, 22, 3, 24, 5, 21, 19, 6, 28, 8, 29, 
          30, 9, 25, 11, 18, 13, 14, 16, 27, 32, 31, 23, 26 ], 
      [ 5, 8, 11, 1, 13, 16, 2, 18, 21, 3, 23, 4, 25, 26, 6, 27, 7, 24, 15, 
          9, 14, 10, 31, 12, 22, 32, 28, 17, 19, 20, 30, 29 ] ], 
  [ [ 2, 4, 1, 6, 3, 8, 5, 10, 7, 12, 9, 14, 11, 16, 13, 18, 15, 20, 17, 22, 
          19, 24, 21, 26, 23, 28, 25, 30, 27, 32, 29, 31 ], 
      [ 3, 1, 5, 2, 7, 4, 9, 6, 11, 8, 13, 10, 15, 12, 17, 14, 19, 16, 21, 
          18, 23, 20, 25, 22, 27, 24, 29, 26, 31, 28, 32, 30 ], 
      [ 1, 2, 3, 4, 5, 6, 7, 8, 9, 10, 11, 12, 13, 14, 15, 16, 17, 18, 19, 
          20, 21, 22, 23, 24, 25, 26, 27, 28, 29, 30, 31, 32 ], 
      [ 1, 2, 3, 4, 5, 6, 7, 8, 9, 10, 11, 12, 13, 14, 15, 16, 17, 18, 19, 
          20, 21, 22, 23, 24, 25, 26, 27, 28, 29, 30, 31, 32 ] ], 
  [ [ 2, 5, 1, 6, 9, 10, 3, 4, 13, 14, 7, 8, 17, 18, 11, 12, 21, 22, 15, 16, 
          25, 26, 19, 20, 29, 30, 23, 24, 32, 31, 27, 28 ], 
      [ 3, 1, 7, 8, 2, 4, 11, 12, 5, 6, 15, 16, 9, 10, 19, 20, 13, 14, 23, 
          24, 17, 18, 27, 28, 21, 22, 31, 32, 25, 26, 30, 29 ], 
      [ 4, 6, 8, 1, 10, 2, 12, 3, 14, 5, 16, 7, 18, 9, 20, 11, 22, 13, 24, 
          15, 26, 17, 28, 19, 30, 21, 32, 23, 31, 25, 29, 27 ], 
      [ 4, 6, 8, 1, 10, 2, 12, 3, 14, 5, 16, 7, 18, 9, 20, 11, 22, 13, 24, 
          15, 26, 17, 28, 19, 30, 21, 32, 23, 31, 25, 29, 27 ] ], 
  [ [ 2, 6, 1, 7, 8, 13, 14, 15, 3, 4, 5, 16, 21, 22, 23, 24, 9, 10, 11, 12, 
          27, 25, 29, 30, 17, 18, 19, 20, 32, 31, 26, 28 ], 
      [ 3, 1, 9, 10, 11, 2, 4, 5, 17, 18, 19, 20, 6, 7, 8, 12, 25, 26, 27, 
          28, 13, 14, 15, 16, 22, 31, 21, 32, 23, 24, 30, 29 ], 
      [ 4, 7, 10, 12, 1, 14, 16, 2, 18, 20, 3, 5, 22, 24, 6, 8, 26, 28, 9, 
          11, 25, 30, 13, 15, 31, 32, 17, 19, 21, 23, 29, 27 ], 
      [ 5, 8, 11, 1, 12, 15, 2, 16, 19, 3, 20, 4, 23, 6, 24, 7, 27, 9, 28, 
          10, 29, 13, 30, 14, 21, 17, 32, 18, 31, 22, 25, 26 ] ], 
  [ [ 2, 6, 1, 7, 8, 13, 14, 15, 3, 4, 5, 16, 21, 22, 23, 24, 9, 10, 11, 12, 
          26, 29, 25, 30, 17, 18, 19, 20, 32, 31, 27, 28 ], 
      [ 3, 1, 9, 10, 11, 2, 4, 5, 17, 18, 19, 20, 6, 7, 8, 12, 25, 26, 27, 
          28, 13, 14, 15, 16, 23, 21, 31, 32, 22, 24, 30, 29 ], 
      [ 4, 7, 10, 12, 1, 14, 16, 2, 18, 20, 3, 5, 22, 24, 6, 8, 26, 28, 9, 
          11, 29, 30, 13, 15, 21, 32, 17, 19, 31, 23, 25, 27 ], 
      [ 5, 8, 11, 1, 12, 15, 2, 16, 19, 3, 20, 4, 23, 6, 24, 7, 27, 9, 28, 
          10, 25, 13, 30, 14, 31, 17, 32, 18, 21, 22, 29, 26 ] ], 
  [ [ 2, 6, 1, 7, 8, 11, 9, 14, 3, 4, 5, 15, 16, 19, 17, 22, 10, 12, 13, 23, 
          24, 27, 25, 29, 18, 20, 21, 30, 32, 31, 26, 28 ], 
      [ 3, 1, 9, 10, 11, 2, 4, 5, 7, 17, 6, 18, 19, 8, 12, 13, 15, 25, 14, 
          26, 27, 16, 20, 21, 23, 31, 22, 32, 24, 28, 30, 29 ], 
      [ 4, 7, 10, 12, 1, 9, 15, 2, 17, 18, 3, 20, 5, 6, 23, 8, 25, 26, 11, 
          28, 13, 14, 30, 16, 31, 32, 19, 21, 22, 24, 29, 27 ], 
      [ 5, 8, 11, 1, 13, 14, 2, 16, 6, 3, 19, 4, 21, 22, 7, 24, 9, 10, 27, 
          12, 28, 29, 15, 30, 17, 18, 32, 20, 31, 23, 25, 26 ] ], 
  [ [ 2, 6, 1, 7, 8, 14, 15, 16, 3, 4, 5, 17, 18, 24, 26, 22, 27, 20, 9, 10, 
          11, 12, 13, 28, 19, 32, 31, 30, 21, 23, 25, 29 ], 
      [ 3, 1, 9, 10, 11, 2, 4, 5, 19, 20, 21, 22, 23, 6, 7, 8, 12, 13, 25, 
          18, 29, 16, 30, 14, 31, 15, 17, 24, 32, 28, 27, 26 ], 
      [ 4, 7, 10, 12, 1, 15, 17, 2, 20, 22, 3, 24, 5, 26, 27, 6, 28, 8, 18, 
          16, 9, 14, 11, 32, 13, 31, 30, 29, 19, 21, 23, 25 ], 
      [ 5, 8, 11, 1, 13, 16, 2, 18, 21, 3, 23, 4, 25, 22, 6, 20, 7, 19, 29, 
          9, 30, 10, 31, 12, 32, 14, 15, 17, 28, 27, 26, 24 ] ], 
  [ [ 2, 6, 1, 7, 8, 14, 15, 16, 3, 4, 5, 17, 18, 25, 23, 26, 21, 27, 9, 10, 
          11, 12, 13, 19, 28, 32, 31, 30, 20, 22, 24, 29 ], 
      [ 3, 1, 9, 10, 11, 2, 4, 5, 19, 20, 21, 22, 23, 6, 7, 8, 12, 13, 24, 
          29, 17, 30, 15, 31, 14, 16, 18, 25, 32, 28, 27, 26 ], 
      [ 4, 7, 10, 12, 1, 15, 17, 2, 20, 22, 3, 24, 5, 23, 21, 6, 19, 8, 29, 
          30, 9, 31, 11, 32, 13, 14, 16, 18, 28, 27, 26, 25 ], 
      [ 5, 8, 11, 1, 13, 16, 2, 18, 21, 3, 23, 4, 25, 26, 6, 27, 7, 28, 17, 
          9, 15, 10, 14, 12, 32, 31, 30, 29, 19, 20, 22, 24 ] ], 
  [ [ 2, 6, 1, 7, 8, 10, 14, 9, 3, 4, 5, 15, 16, 18, 22, 17, 11, 12, 13, 23, 
          24, 26, 29, 25, 19, 20, 21, 30, 32, 31, 27, 28 ], 
      [ 3, 1, 9, 10, 11, 2, 4, 5, 8, 6, 17, 18, 19, 7, 12, 13, 16, 14, 25, 
          26, 27, 15, 20, 21, 24, 22, 31, 32, 23, 28, 30, 29 ], 
      [ 4, 7, 10, 12, 1, 14, 15, 2, 6, 18, 3, 20, 5, 22, 23, 8, 9, 26, 11, 
          28, 13, 29, 30, 16, 17, 32, 19, 21, 31, 24, 25, 27 ], 
      [ 5, 8, 11, 1, 13, 9, 2, 16, 17, 3, 19, 4, 21, 6, 7, 24, 25, 10, 27, 
          12, 28, 14, 15, 30, 31, 18, 32, 20, 22, 23, 29, 26 ] ], 
  [ [ 2, 5, 1, 3, 6, 9, 4, 7, 10, 13, 8, 11, 14, 17, 12, 15, 18, 21, 16, 19, 
          22, 25, 20, 23, 26, 29, 24, 27, 30, 32, 28, 31 ], 
      [ 3, 1, 4, 7, 2, 5, 8, 11, 6, 9, 12, 15, 10, 13, 16, 19, 14, 17, 20, 
          23, 18, 21, 24, 27, 22, 25, 28, 31, 26, 29, 32, 30 ], 
      [ 4, 3, 7, 8, 1, 2, 11, 12, 5, 6, 15, 16, 9, 10, 19, 20, 13, 14, 23, 
          24, 17, 18, 27, 28, 21, 22, 31, 32, 25, 26, 30, 29 ], 
      [ 5, 6, 2, 1, 9, 10, 3, 4, 13, 14, 7, 8, 17, 18, 11, 12, 21, 22, 15, 
          16, 25, 26, 19, 20, 29, 30, 23, 24, 32, 31, 27, 28 ] ], 
  [ [ 2, 6, 1, 7, 8, 14, 15, 16, 3, 4, 5, 17, 18, 13, 11, 23, 9, 24, 10, 12, 
          25, 26, 22, 31, 19, 29, 20, 21, 32, 28, 30, 27 ], 
      [ 3, 1, 9, 10, 11, 2, 4, 5, 17, 19, 15, 20, 14, 6, 7, 8, 12, 13, 25, 
          27, 28, 23, 16, 18, 21, 22, 32, 30, 26, 31, 24, 29 ], 
      [ 4, 7, 10, 12, 1, 15, 17, 2, 19, 20, 3, 21, 5, 11, 9, 6, 25, 8, 27, 
          28, 29, 13, 14, 16, 32, 18, 30, 26, 24, 22, 23, 31 ], 
      [ 5, 8, 11, 1, 13, 16, 2, 18, 15, 3, 14, 4, 22, 23, 6, 24, 7, 26, 9, 
          10, 12, 30, 31, 29, 17, 28, 19, 20, 21, 27, 32, 25 ] ], 
  [ [ 2, 6, 1, 7, 8, 14, 15, 12, 3, 4, 5, 16, 10, 20, 21, 22, 9, 11, 13, 26, 
          27, 28, 17, 18, 19, 30, 29, 32, 23, 24, 25, 31 ], 
      [ 3, 1, 9, 10, 11, 2, 4, 5, 17, 13, 18, 8, 19, 6, 7, 12, 23, 24, 25, 
          14, 15, 16, 29, 30, 31, 20, 21, 22, 27, 26, 32, 28 ], 
      [ 4, 7, 10, 12, 1, 15, 16, 2, 13, 8, 3, 6, 5, 21, 22, 14, 19, 9, 11, 
          27, 28, 20, 25, 17, 18, 29, 32, 26, 31, 23, 24, 30 ], 
      [ 5, 8, 11, 1, 13, 12, 2, 10, 18, 3, 19, 4, 9, 16, 6, 7, 24, 25, 17, 
          22, 14, 15, 30, 31, 23, 28, 20, 21, 26, 32, 29, 27 ] ], 
  [ [ 2, 6, 1, 7, 8, 14, 15, 16, 3, 4, 5, 17, 18, 20, 26, 19, 25, 27, 9, 10, 
          11, 12, 13, 23, 28, 30, 29, 32, 21, 22, 24, 31 ], 
      [ 3, 1, 9, 10, 11, 2, 4, 5, 19, 20, 21, 22, 23, 6, 7, 8, 12, 13, 16, 
          14, 29, 30, 24, 31, 17, 15, 18, 25, 27, 26, 32, 28 ], 
      [ 4, 7, 10, 12, 1, 15, 17, 2, 20, 22, 3, 24, 5, 26, 25, 6, 23, 8, 14, 
          30, 9, 31, 11, 21, 13, 28, 16, 18, 19, 32, 29, 27 ], 
      [ 5, 8, 11, 1, 13, 16, 2, 18, 21, 3, 23, 4, 25, 19, 6, 27, 7, 28, 29, 
          9, 24, 10, 17, 12, 15, 14, 32, 26, 31, 20, 22, 30 ] ], 
  [ [ 2, 4, 1, 6, 3, 8, 5, 10, 7, 12, 9, 14, 11, 16, 13, 18, 15, 20, 17, 22, 
          19, 24, 21, 26, 23, 28, 25, 30, 27, 32, 29, 31 ], 
      [ 3, 1, 5, 2, 7, 4, 9, 6, 11, 8, 13, 10, 15, 12, 17, 14, 19, 16, 21, 
          18, 23, 20, 25, 22, 27, 24, 29, 26, 31, 28, 32, 30 ], 
      [ 4, 6, 2, 8, 1, 10, 3, 12, 5, 14, 7, 16, 9, 18, 11, 20, 13, 22, 15, 
          24, 17, 26, 19, 28, 21, 30, 23, 32, 25, 31, 27, 29 ], 
      [ 5, 3, 7, 1, 9, 2, 11, 4, 13, 6, 15, 8, 17, 10, 19, 12, 21, 14, 23, 
          16, 25, 18, 27, 20, 29, 22, 31, 24, 32, 26, 30, 28 ] ], 
  [ [ 2, 6, 1, 7, 8, 14, 15, 16, 3, 4, 5, 17, 18, 12, 23, 10, 24, 9, 11, 13, 
          25, 26, 21, 31, 30, 19, 20, 22, 28, 32, 29, 27 ], 
      [ 3, 1, 9, 10, 11, 2, 4, 5, 18, 16, 19, 14, 20, 6, 7, 8, 12, 13, 26, 
          27, 23, 28, 15, 17, 21, 22, 32, 29, 31, 25, 24, 30 ], 
      [ 4, 7, 10, 12, 1, 15, 17, 2, 16, 14, 3, 21, 5, 23, 24, 6, 25, 8, 9, 
          11, 29, 13, 31, 30, 28, 18, 19, 20, 27, 22, 32, 26 ], 
      [ 5, 8, 11, 1, 13, 16, 2, 18, 19, 3, 20, 4, 22, 10, 6, 9, 7, 26, 27, 
          28, 12, 30, 14, 15, 17, 32, 29, 25, 21, 24, 23, 31 ] ], 
  [ [ 2, 6, 1, 7, 8, 14, 13, 15, 3, 4, 5, 11, 16, 20, 21, 22, 9, 10, 12, 26, 
          27, 28, 17, 18, 19, 30, 29, 32, 23, 24, 25, 31 ], 
      [ 3, 1, 9, 10, 11, 2, 4, 5, 17, 18, 12, 19, 7, 6, 8, 13, 23, 24, 25, 
          14, 15, 16, 29, 30, 31, 20, 21, 22, 27, 26, 32, 28 ], 
      [ 4, 7, 10, 12, 1, 13, 11, 2, 18, 19, 3, 9, 5, 16, 6, 8, 24, 25, 17, 
          22, 14, 15, 30, 31, 23, 28, 20, 21, 26, 32, 29, 27 ], 
      [ 5, 8, 11, 1, 13, 15, 2, 16, 12, 3, 7, 4, 6, 21, 22, 14, 19, 9, 10, 
          27, 28, 20, 25, 17, 18, 29, 32, 26, 31, 23, 24, 30 ] ], 
  [ [ 2, 6, 1, 7, 8, 14, 15, 16, 3, 4, 5, 17, 18, 21, 19, 26, 27, 24, 9, 10, 
          11, 12, 13, 28, 22, 30, 29, 32, 20, 23, 25, 31 ], 
      [ 3, 1, 9, 10, 11, 2, 4, 5, 19, 20, 21, 22, 23, 6, 7, 8, 12, 13, 15, 
          29, 14, 25, 30, 18, 31, 16, 17, 24, 27, 26, 32, 28 ], 
      [ 4, 7, 10, 12, 1, 15, 17, 2, 20, 22, 3, 24, 5, 19, 27, 6, 28, 8, 29, 
          25, 9, 18, 11, 16, 13, 14, 32, 26, 31, 21, 23, 30 ], 
      [ 5, 8, 11, 1, 13, 16, 2, 18, 21, 3, 23, 4, 25, 26, 6, 24, 7, 22, 14, 
          9, 30, 10, 31, 12, 20, 28, 15, 17, 19, 32, 29, 27 ] ], 
  [ [ 2, 4, 1, 6, 3, 8, 5, 10, 7, 12, 9, 14, 11, 16, 13, 18, 15, 20, 17, 22, 
          19, 24, 21, 26, 23, 28, 25, 30, 27, 32, 29, 31 ], 
      [ 3, 1, 5, 2, 7, 4, 9, 6, 11, 8, 13, 10, 15, 12, 17, 14, 19, 16, 21, 
          18, 23, 20, 25, 22, 27, 24, 29, 26, 31, 28, 32, 30 ], 
      [ 3, 1, 5, 2, 7, 4, 9, 6, 11, 8, 13, 10, 15, 12, 17, 14, 19, 16, 21, 
          18, 23, 20, 25, 22, 27, 24, 29, 26, 31, 28, 32, 30 ], 
      [ 2, 4, 1, 6, 3, 8, 5, 10, 7, 12, 9, 14, 11, 16, 13, 18, 15, 20, 17, 
          22, 19, 24, 21, 26, 23, 28, 25, 30, 27, 32, 29, 31 ] ], 
  [ [ 2, 6, 1, 7, 8, 11, 5, 12, 3, 4, 15, 16, 9, 10, 19, 20, 13, 14, 23, 24, 
          17, 18, 27, 28, 21, 22, 31, 32, 25, 26, 30, 29 ], 
      [ 3, 1, 9, 10, 7, 2, 4, 5, 13, 14, 6, 8, 17, 18, 11, 12, 21, 22, 15, 
          16, 25, 26, 19, 20, 29, 30, 23, 24, 32, 31, 27, 28 ], 
      [ 4, 7, 10, 9, 1, 5, 3, 2, 14, 13, 8, 6, 18, 17, 12, 11, 22, 21, 16, 
          15, 26, 25, 20, 19, 30, 29, 24, 23, 31, 32, 28, 27 ], 
      [ 5, 8, 7, 1, 6, 12, 2, 11, 4, 3, 16, 15, 10, 9, 20, 19, 14, 13, 24, 
          23, 18, 17, 28, 27, 22, 21, 32, 31, 26, 25, 29, 30 ] ], 
  [ [ 2, 6, 1, 7, 8, 14, 15, 16, 3, 4, 5, 17, 18, 26, 27, 28, 29, 30, 9, 10, 
          11, 12, 13, 31, 32, 24, 25, 22, 23, 20, 21, 19 ], 
      [ 3, 1, 9, 10, 11, 2, 4, 5, 19, 20, 21, 22, 23, 6, 7, 8, 12, 13, 32, 
          30, 31, 28, 29, 26, 27, 14, 15, 16, 17, 18, 24, 25 ], 
      [ 4, 7, 10, 12, 1, 15, 17, 2, 20, 22, 3, 24, 5, 27, 29, 6, 31, 8, 30, 
          28, 9, 26, 11, 32, 13, 25, 23, 14, 21, 16, 19, 18 ], 
      [ 5, 8, 11, 1, 13, 16, 2, 18, 21, 3, 23, 4, 25, 28, 6, 30, 7, 32, 31, 
          9, 29, 10, 27, 12, 26, 22, 14, 20, 15, 19, 17, 24 ] ], 
  [ [ 2, 6, 1, 7, 8, 14, 15, 16, 3, 4, 5, 17, 18, 26, 27, 28, 29, 30, 9, 10, 
          11, 12, 13, 31, 32, 20, 25, 19, 23, 24, 21, 22 ], 
      [ 3, 1, 9, 10, 11, 2, 4, 5, 19, 20, 21, 22, 23, 6, 7, 8, 12, 13, 28, 
          26, 31, 32, 29, 30, 27, 14, 15, 16, 17, 18, 24, 25 ], 
      [ 4, 7, 10, 12, 1, 15, 17, 2, 20, 22, 3, 24, 5, 27, 29, 6, 31, 8, 26, 
          32, 9, 30, 11, 28, 13, 25, 23, 14, 21, 16, 19, 18 ], 
      [ 5, 8, 11, 1, 13, 16, 2, 18, 21, 3, 23, 4, 25, 28, 6, 30, 7, 32, 31, 
          9, 29, 10, 27, 12, 26, 19, 14, 24, 15, 22, 17, 20 ] ], 
  [ [ 2, 6, 1, 7, 8, 4, 12, 3, 5, 13, 14, 10, 18, 9, 11, 19, 20, 16, 24, 15, 
          17, 25, 26, 22, 30, 21, 23, 31, 32, 28, 29, 27 ], 
      [ 3, 1, 8, 6, 9, 2, 4, 5, 14, 12, 15, 7, 10, 11, 20, 18, 21, 13, 16, 
          17, 26, 24, 27, 19, 22, 23, 32, 30, 31, 25, 28, 29 ], 
      [ 4, 7, 6, 10, 1, 12, 13, 2, 3, 16, 5, 18, 19, 8, 9, 22, 11, 24, 25, 
          14, 15, 28, 17, 30, 31, 20, 21, 32, 23, 29, 27, 26 ], 
      [ 5, 8, 9, 1, 11, 3, 2, 14, 15, 4, 17, 6, 7, 20, 21, 10, 23, 12, 13, 
          26, 27, 16, 29, 18, 19, 32, 31, 22, 30, 24, 25, 28 ] ], 
  [ [ 2, 6, 1, 7, 8, 14, 15, 16, 3, 4, 5, 17, 18, 24, 25, 26, 27, 28, 9, 10, 
          11, 12, 13, 22, 31, 20, 32, 19, 21, 23, 30, 29 ], 
      [ 3, 1, 9, 10, 11, 2, 4, 5, 19, 20, 21, 22, 23, 6, 7, 8, 12, 13, 28, 
          26, 29, 24, 30, 14, 15, 16, 17, 18, 32, 31, 25, 27 ], 
      [ 4, 7, 10, 12, 1, 15, 17, 2, 20, 22, 3, 23, 5, 25, 27, 6, 13, 8, 26, 
          24, 9, 30, 11, 31, 32, 14, 18, 16, 19, 21, 29, 28 ], 
      [ 5, 8, 11, 1, 13, 16, 2, 18, 21, 3, 23, 4, 17, 26, 6, 28, 7, 27, 29, 
          9, 30, 10, 12, 20, 14, 19, 15, 32, 31, 22, 24, 25 ] ], 
  [ [ 2, 6, 1, 7, 8, 12, 13, 14, 3, 4, 5, 18, 19, 20, 9, 10, 11, 24, 25, 26, 
          15, 16, 17, 30, 31, 32, 21, 22, 23, 28, 29, 27 ], 
      [ 3, 1, 9, 10, 11, 2, 4, 5, 15, 16, 17, 6, 7, 8, 21, 22, 23, 12, 13, 
          14, 27, 28, 29, 18, 19, 20, 32, 30, 31, 24, 25, 26 ], 
      [ 4, 7, 10, 8, 1, 13, 14, 2, 16, 5, 3, 19, 20, 6, 22, 11, 9, 25, 26, 
          12, 28, 17, 15, 31, 32, 18, 30, 23, 21, 29, 27, 24 ], 
      [ 5, 8, 11, 1, 10, 14, 2, 4, 17, 3, 16, 20, 6, 7, 23, 9, 22, 26, 12, 
          13, 29, 15, 28, 32, 18, 19, 31, 21, 30, 27, 24, 25 ] ], 
  [ [ 2, 6, 1, 7, 8, 14, 15, 16, 3, 4, 5, 17, 18, 11, 9, 24, 25, 26, 10, 12, 
          13, 27, 28, 21, 19, 31, 32, 22, 20, 23, 30, 29 ], 
      [ 3, 1, 9, 10, 11, 2, 4, 5, 15, 19, 14, 20, 21, 6, 7, 8, 12, 13, 25, 
          29, 24, 28, 30, 16, 17, 18, 22, 23, 32, 31, 26, 27 ], 
      [ 4, 7, 10, 12, 1, 15, 17, 2, 19, 20, 3, 22, 5, 9, 25, 6, 27, 8, 29, 
          28, 11, 26, 13, 14, 32, 16, 31, 18, 23, 21, 24, 30 ], 
      [ 5, 8, 11, 1, 13, 16, 2, 18, 14, 3, 21, 4, 23, 24, 6, 26, 7, 28, 9, 
          10, 30, 12, 29, 31, 15, 22, 17, 20, 19, 32, 27, 25 ] ], 
  [ [ 2, 4, 1, 6, 3, 8, 5, 10, 7, 12, 9, 14, 11, 16, 13, 18, 15, 20, 17, 22, 
          19, 24, 21, 26, 23, 28, 25, 30, 27, 32, 29, 31 ], 
      [ 3, 1, 5, 2, 7, 4, 9, 6, 11, 8, 13, 10, 15, 12, 17, 14, 19, 16, 21, 
          18, 23, 20, 25, 22, 27, 24, 29, 26, 31, 28, 32, 30 ], 
      [ 2, 4, 1, 6, 3, 8, 5, 10, 7, 12, 9, 14, 11, 16, 13, 18, 15, 20, 17, 
          22, 19, 24, 21, 26, 23, 28, 25, 30, 27, 32, 29, 31 ], 
      [ 3, 1, 5, 2, 7, 4, 9, 6, 11, 8, 13, 10, 15, 12, 17, 14, 19, 16, 21, 
          18, 23, 20, 25, 22, 27, 24, 29, 26, 31, 28, 32, 30 ] ], 
  [ [ 2, 6, 1, 7, 8, 11, 12, 4, 3, 5, 15, 16, 9, 10, 19, 20, 13, 14, 23, 24, 
          17, 18, 27, 28, 21, 22, 31, 32, 25, 26, 30, 29 ], 
      [ 3, 1, 9, 8, 10, 2, 4, 5, 13, 14, 6, 7, 17, 18, 11, 12, 21, 22, 15, 
          16, 25, 26, 19, 20, 29, 30, 23, 24, 32, 31, 27, 28 ], 
      [ 4, 7, 8, 6, 1, 12, 11, 2, 5, 3, 16, 15, 10, 9, 20, 19, 14, 13, 24, 
          23, 18, 17, 28, 27, 22, 21, 32, 31, 26, 25, 29, 30 ], 
      [ 5, 8, 10, 1, 9, 4, 2, 3, 14, 13, 7, 6, 18, 17, 12, 11, 22, 21, 16, 
          15, 26, 25, 20, 19, 30, 29, 24, 23, 31, 32, 28, 27 ] ], 
  [ [ 2, 6, 1, 7, 8, 14, 15, 16, 3, 4, 5, 17, 18, 26, 27, 28, 29, 30, 9, 10, 
          11, 12, 13, 31, 32, 25, 23, 24, 21, 22, 19, 20 ], 
      [ 3, 1, 9, 10, 11, 2, 4, 5, 19, 20, 21, 22, 23, 6, 7, 8, 12, 13, 31, 
          32, 29, 30, 27, 28, 26, 14, 15, 16, 17, 18, 24, 25 ], 
      [ 4, 7, 10, 12, 1, 15, 17, 2, 20, 22, 3, 24, 5, 27, 29, 6, 31, 8, 32, 
          30, 9, 28, 11, 26, 13, 23, 21, 14, 19, 16, 25, 18 ], 
      [ 5, 8, 11, 1, 13, 16, 2, 18, 21, 3, 23, 4, 25, 28, 6, 30, 7, 32, 29, 
          9, 27, 10, 26, 12, 31, 24, 14, 22, 15, 20, 17, 19 ] ], 
  [ [ 2, 6, 1, 7, 8, 14, 15, 16, 3, 4, 5, 17, 18, 26, 27, 28, 29, 30, 9, 10, 
          11, 12, 13, 31, 32, 21, 19, 24, 25, 22, 23, 20 ], 
      [ 3, 1, 9, 10, 11, 2, 4, 5, 19, 20, 21, 22, 23, 6, 7, 8, 12, 13, 27, 
          32, 26, 30, 31, 28, 29, 14, 15, 16, 17, 18, 24, 25 ], 
      [ 4, 7, 10, 12, 1, 15, 17, 2, 20, 22, 3, 24, 5, 27, 29, 6, 31, 8, 32, 
          30, 9, 28, 11, 26, 13, 19, 25, 14, 23, 16, 21, 18 ], 
      [ 5, 8, 11, 1, 13, 16, 2, 18, 21, 3, 23, 4, 25, 28, 6, 30, 7, 32, 26, 
          9, 31, 10, 29, 12, 27, 24, 14, 22, 15, 20, 17, 19 ] ], 
  [ [ 2, 6, 1, 7, 8, 5, 3, 12, 4, 13, 14, 11, 9, 18, 10, 19, 20, 17, 15, 24, 
          16, 25, 26, 23, 21, 30, 22, 31, 32, 29, 27, 28 ], 
      [ 3, 1, 7, 9, 6, 2, 4, 5, 13, 15, 12, 8, 10, 11, 19, 21, 18, 14, 16, 
          17, 25, 27, 24, 20, 22, 23, 31, 32, 30, 26, 28, 29 ], 
      [ 4, 7, 9, 10, 1, 3, 13, 2, 15, 16, 5, 6, 19, 8, 21, 22, 11, 12, 25, 
          14, 27, 28, 17, 18, 31, 20, 32, 30, 23, 24, 29, 26 ], 
      [ 5, 8, 6, 1, 11, 12, 2, 14, 3, 4, 17, 18, 7, 20, 9, 10, 23, 24, 13, 
          26, 15, 16, 29, 30, 19, 32, 21, 22, 31, 28, 25, 27 ] ], 
  [ [ 2, 6, 1, 7, 8, 14, 15, 16, 3, 4, 5, 17, 18, 24, 25, 26, 27, 28, 9, 10, 
          11, 12, 13, 23, 21, 31, 19, 32, 20, 22, 30, 29 ], 
      [ 3, 1, 9, 10, 11, 2, 4, 5, 19, 20, 21, 22, 23, 6, 7, 8, 12, 13, 27, 
          29, 25, 30, 24, 14, 15, 16, 17, 18, 32, 31, 26, 28 ], 
      [ 4, 7, 10, 12, 1, 15, 17, 2, 20, 22, 3, 18, 5, 25, 27, 6, 28, 8, 29, 
          30, 9, 13, 11, 21, 19, 14, 32, 16, 31, 23, 24, 26 ], 
      [ 5, 8, 11, 1, 13, 16, 2, 18, 21, 3, 23, 4, 22, 26, 6, 28, 7, 12, 25, 
          9, 24, 10, 30, 31, 14, 32, 15, 17, 19, 20, 29, 27 ] ], 
  [ [ 2, 6, 1, 7, 8, 12, 13, 14, 3, 4, 5, 18, 19, 20, 9, 10, 11, 24, 25, 26, 
          15, 16, 17, 30, 31, 32, 21, 22, 23, 29, 27, 28 ], 
      [ 3, 1, 9, 10, 11, 2, 4, 5, 15, 16, 17, 6, 7, 8, 21, 22, 23, 12, 13, 
          14, 27, 28, 29, 18, 19, 20, 31, 32, 30, 24, 25, 26 ], 
      [ 4, 7, 10, 11, 1, 13, 5, 2, 16, 17, 3, 19, 8, 6, 22, 23, 9, 25, 14, 
          12, 28, 29, 15, 31, 20, 18, 32, 30, 21, 27, 26, 24 ], 
      [ 5, 8, 11, 1, 7, 14, 2, 13, 17, 3, 4, 20, 6, 19, 23, 9, 10, 26, 12, 
          25, 29, 15, 16, 32, 18, 31, 30, 21, 22, 28, 24, 27 ] ], 
  [ [ 2, 6, 1, 7, 8, 14, 15, 16, 3, 4, 5, 17, 18, 10, 24, 9, 25, 26, 11, 12, 
          13, 27, 28, 20, 31, 19, 23, 32, 21, 22, 30, 29 ], 
      [ 3, 1, 9, 10, 11, 2, 4, 5, 16, 14, 19, 20, 21, 6, 7, 8, 12, 13, 26, 
          24, 29, 30, 27, 15, 17, 18, 22, 23, 32, 31, 25, 28 ], 
      [ 4, 7, 10, 12, 1, 15, 17, 2, 14, 20, 3, 22, 5, 24, 25, 6, 27, 8, 9, 
          30, 11, 29, 13, 31, 23, 16, 21, 18, 19, 32, 28, 26 ], 
      [ 5, 8, 11, 1, 13, 16, 2, 18, 19, 3, 21, 4, 23, 9, 6, 26, 7, 28, 29, 
          10, 27, 12, 25, 14, 15, 32, 17, 31, 22, 20, 24, 30 ] ] ]